Country Name,Country Code,1991,1992,1993,1994,1995,1996,1997,1998,1999,2000,2001,2002,2003,2004,2005,2006,2007,2008,2009,2010,2011,2012,2013,2014,2015,2016,2017,2018,2019,2020
Aruba,ABW,,,,,,,,,,,,,,,,,,,,,,,,,,,,,,
Afghanistan,AFG,12.43000031,12.21000004,11.56999969,11.47999954,11.51000023,11.07999992,10.68999958,10.32999992,9.949999809,9.479999542,8.979999542,9.989999771,10.35000038,10.60999966,11.32999992,11.78999996,12.19999981,12.47999954,13.63000011,14.65999985,14.75,15.77000046,16.32999992,16.77000046,17.17000008,17.31999969,18.03000069,18.45999908,18.54999924,
Angola,AGO,8.880000114,8.760000229,8.649999619,8.56000042,8.489999771,8.460000038,8.460000038,8.5,8.5,8.569999695,8.670000076,8.789999962,8.930000305,9.100000381,8.840000153,8.579999924,8.319999695,8.010000229,7.75,7.849999905,7.960000038,7.940000057,7.860000134,7.730000019,7.570000172,7.389999866,7.190000057,6.989999771,6.800000191,
Albania,ALB,11.57999992,11.44999981,11.63000011,11.78999996,12.02999973,11.72999954,11.63000011,11.72000027,12.17000008,12.81000042,13.67000008,14.46000004,14.81000042,15.22999954,15.76000023,16.47999954,16.95000076,17.78000069,19.94000053,20.59000015,18.87000084,17.28000069,16.87999916,17.73999977,18.67000008,19.37999916,19.37999916,19.75,20.14999962,
Andorra,AND,,,,,,,,,,,,,,,,,,,,,,,,,,,,,,
Arab World,ARB,20.72594413,20.82079309,20.8055164,20.82351724,20.94622769,21.03645221,21.02657481,21.06112021,21.15974716,20.65749924,20.76319725,20.5508006,20.52570468,20.74301857,21.52624553,22.15664745,22.74310331,23.4444858,23.98879264,24.85466863,24.5638134,24.75548888,24.57572997,24.43158741,24.4020541,24.69210447,24.88693092,24.87983412,24.76450468,
United Arab Emirates,ARE,33.33000183,33.36000061,33.47000122,33.49000168,33.63000107,33.65000153,33.72999954,33.63999939,33.43000031,33.38000107,33.43999863,33.41999817,33.84000015,34.18999863,34.54000092,35.20000076,35.72999954,35.95000076,35.86000061,35.47999954,35.11999893,34.93999863,34.74000168,34.79999924,34.99000168,34.86999893,34.61000061,34.59999847,34.22000122,
Argentina,ARG,32.90000153,32.34999847,29.71999931,28.60000038,27.09000015,25,25.55999947,24.89999962,23.68000031,22.78000069,22.02000046,20.21999931,21.79000092,22.69000053,23.26000023,23.67000008,23.93000031,24.02000046,23.19000053,23.34000015,23.96999931,23.65999985,23.95000076,24.15999985,23.65999985,22.87999916,22.44000053,21.90999985,21.84000015,
Armenia,ARM,16.89999962,16.43000031,16.07999992,15.86999989,15.68999958,15.55000019,15.43999958,15.40999985,15.42000008,15.56000042,15.81999969,16.27000046,16.79999924,17.27000046,17.87000084,18.48999977,18.96999931,18.19000053,17.07999992,17.40999985,16.68000031,17.68000031,17,16.72999954,15.90999985,15.77999973,16.70999908,22.79000092,24.75,
American Samoa,ASM,,,,,,,,,,,,,,,,,,,,,,,,,,,,,,
Antigua and Barbuda,ATG,,,,,,,,,,,,,,,,,,,,,,,,,,,,,,
Australia,AUS,23.51000023,23.29000092,23.29999924,23.17000008,22.62999916,22.12999916,21.85000038,21.51000023,21.15999985,21.62000084,20.73999977,20.92000008,20.87999916,21.23999977,21.12999916,21.28000069,21.18000031,21.62000084,21.13999939,20.97999954,20.82999992,20.70999908,20.45000076,20.29000092,19.38999939,19.36000061,19.43000031,19.88999939,19.05999947,
Austria,AUT,33.84000015,33.43000031,32.83000183,32.47000122,32.09999847,30.29999924,29.63999939,29.55999947,29.76000023,30.03000069,29.37000084,28.85000038,28.92000008,26.72999954,27.57999992,28.15999985,27.31999969,26.23999977,24.96999931,24.90999985,26.03000069,26.07999992,25.90999985,25.75,25.76000023,25.55999947,24.92000008,25.44000053,25.36000061,
Azerbaijan,AZE,13.75,13.25,12.65999985,12.14000034,11.67000008,11.44999981,11.21000004,11.11999989,11.18000031,10.88000011,10.81999969,11.52999973,11.71000004,11.89999962,12.07999992,12.35000038,12.63000011,12.13000011,12.65999985,13.72000027,14.07999992,14.28999996,14.38000011,14.30000019,14.06000042,14.32999992,14.36999989,14.72000027,14.78999996,
Burundi,BDI,2.529999971,2.49000001,2.450000048,2.400000095,2.329999924,2.25999999,2.220000029,2.200000048,2.230000019,2.25999999,2.299999952,2.349999905,2.410000086,2.440000057,2.539999962,2.609999895,2.710000038,2.799999952,2.910000086,3.019999981,3.130000114,3.25,3.369999886,3.5,3.480000019,3.480000019,3.470000029,3.410000086,3.349999905,
Belgium,BEL,31.20999908,30.62999916,29.45999908,28.87999916,28.25,27.62999916,27.54999924,27.25,25.77000046,25.80999947,25.48999977,25.78000069,24.92000008,24.94000053,24.69000053,24.69000053,24.43000031,24.67000008,23.46999931,23.37999916,23.22999954,21.76000023,21.70000076,21.38999939,21.43000031,21.26000023,20.76000023,21.05999947,20.84000015,
Benin,BEN,20.12000084,20.09000015,20.01000023,20.39999962,20.28000069,20.23999977,20.18000031,20.05999947,20.01000023,19.90999985,19.79999924,19.70999908,19.60000038,19.44000053,19.37000084,19.23999977,19.04999924,18.86000061,18.76000023,18.64999962,18.54999924,18.45999908,18.44000053,18.38999939,18.43000031,18.28000069,18.28000069,18.28000069,18.30999947,
Burkina Faso,BFA,3.160000086,3.210000038,3.25,3.329999924,3.680000067,4.070000172,4.550000191,5.070000172,5.679999828,6.340000153,7.110000134,8,9.050000191,10.19999981,11.48999977,13.02000046,14.68999958,16.48999977,18.54000092,20.78000069,23.22999954,25.82999992,28.62999916,31.54999924,29.85000038,28.20999908,26.67000008,25.25,25.15999985,
Bangladesh,BGD,13.57999992,12.71000004,11.88000011,11.06999969,10.39999962,9.779999733,9.93999958,10.15999985,10.39999962,10.69999981,11.21000004,11.72000027,12.31000042,12.97999954,13.78999996,14.52000046,15.28999996,16.04000092,16.79000092,17.62999916,18.07999992,18.55999947,19.02000046,19.45000076,19.95999908,20.45999908,20.42000008,20.84000015,21.31999969,
Bulgaria,BGR,41.11999893,40.18999863,39.16999817,38.38000107,37.5,37.00999832,35.36000061,35.11999893,33.79000092,32.83000183,32.77000046,32.65999985,32.13000107,32.91999817,34.24000168,34.47000122,35.5,36.43000031,35.24000168,32.97999954,31.45999908,31.31999969,30.19000053,30.12000084,29.89999962,29.79000092,29.89999962,30.11000061,30.02000046,
Bahrain,BHR,28.53000069,28.45000076,28.79000092,28.61000061,28.46999931,28.32999992,28.21999931,28.03000069,28,28.46999931,28.56999969,28.65999985,29.05999947,29.97999954,31.01000023,32.24000168,33.40000153,34.54999924,34.50999832,35.72000122,35.20999908,34.97000122,35.09999847,35.22999954,35.15999985,35.36000061,35.47999954,35.40000153,35.25,
"Bahamas, The",BHS,15.32999992,15.30000019,12.25,12.90999985,14.23999977,14.80000019,14.64999962,15.30000019,16.71999931,17.01000023,17.04999924,16.69000053,15.85000038,16.07999992,17.81999969,18.30999947,17.95000076,16.25,16.05999947,16.12000084,15.97000027,15.96000004,15.52000046,15.38000011,14.93999958,14.86999989,14.84000015,14.59000015,14.47999954,
Bosnia and Herzegovina,BIH,27.61000061,27.52000046,27.48999977,27.63999939,27.92000008,28.65999985,29.19000053,29.71999931,29.72999954,29.87999916,29.75,29.84000015,29.93000031,30,30.35000038,30.77000046,32.59000015,32.47000122,31.48999977,30.87000084,28.88999939,30.36000061,29.81999969,30,30.62999916,31.28000069,31.70000076,32.13000107,31.70999908,
Belarus,BLR,36.88000107,36.45999908,35.90000153,35.29999924,34.74000168,34.22999954,33.79000092,33.36000061,32.90999985,32.56999969,32.15000153,31.89999962,31.72999954,31.69000053,31.67000008,31.76000023,31.84000015,32,31.96999931,32.00999832,31.96999931,31.79999924,31.64999962,31.48999977,31.06999969,31.53000069,30.77000046,30.62999916,30.37999916,
Belize,BLZ,20.11000061,19.93000031,19.96999931,19.53000069,17.80999947,16.95999908,18.25,17.98999977,16.97999954,17.38999939,17.44000053,17.52000046,17.60000038,17.73999977,17.87999916,17.64999962,17.29000092,17.13999939,16.73999977,16.40999985,16.18000031,15.96000004,15.77000046,15.60999966,15.42000008,15.71000004,15.69999981,15.59000015,15.59000015,
Bermuda,BMU,,,,,,,,,,,,,,,,,,,,,,,,,,,,,,
Bolivia,BOL,19.15999985,19.09000015,19.04000092,18.98999977,18.98999977,18.87999916,18.63999939,18.85000038,18.90999985,18.62000084,15.68999958,17.75,20.51000023,20.51000023,19.38999939,17.45999908,19.67000008,20.10000038,20.70999908,20.73999977,20.94000053,20.60000038,19.82999992,20.62999916,22.53000069,20.79000092,20.03000069,19.47999954,19.40999985,
Brazil,BRA,23.42000008,23.04999924,22.97999954,23.03000069,22.77000046,22.85000038,22.88999939,22.79999924,22.05999947,21.84000015,21.56999969,22.02000046,21.48999977,21.62000084,21.95999908,21.93000031,22.48999977,23.23999977,22.70000076,22.55999947,22.30999947,23.02000046,22.95000076,22.88999939,22.17000008,20.88999939,20.47999954,20.12999916,19.98999977,
Barbados,BRB,20.12000084,19.67000008,19.06999969,18.86000061,19.56999969,18.56999969,19.71999931,20.87000084,21.40999985,20.62000084,19.62999916,18.73999977,17.61000061,17.37000084,17.06999969,16.64999962,17.17000008,17.62000084,17.92000008,18.84000015,18.54999924,18.53000069,18.95999908,19.43000031,19.36000061,19.31999969,19.34000015,19.17000008,18.93000031,
Brunei Darussalam,BRN,24.14999962,24.38999939,24.62999916,24.51000023,24.93000031,24.43000031,24.17000008,24.39999962,23.15999985,22.51000023,22.67000008,22.14999962,21.56999969,21.14999962,20.53000069,20.18000031,20.31999969,19.60000038,19.96999931,19.52000046,18.95999908,18.78000069,18.80999947,18.62999916,17.92000008,16.97999954,16.12999916,19.39999962,20.76000023,
Bhutan,BTN,5.849999905,5.900000095,5.909999847,5.960000038,6.019999981,6.079999924,6.119999886,6.179999828,6.349999905,6.619999886,6.949999809,7.269999981,7.380000114,7.539999962,7.639999866,7.550000191,7.25,6.829999924,6.670000076,6.630000114,9.199999809,9.909999847,10.96000004,10.82999992,9.649999619,9.93999958,10.21000004,10.22000027,10.14999962,
Botswana,BWA,25.45999908,25.60000038,25.64999962,25.79999924,25.96999931,25.79000092,23.82999992,22.29000092,21.63999939,21.15999985,21.63999939,22.12000084,22.63999939,21.73999977,20.86000061,20.06999969,19.44000053,18.79000092,18.11000061,18.06999969,18.06999969,18.04999924,18.03000069,18.01000023,18.01000023,17.94000053,17.86000061,17.75,17.62000084,
Central African Republic,CAF,9.220000267,9.119999886,9.020000458,8.909999847,8.829999924,8.659999847,8.510000229,8.420000076,8.31000042,8.18999958,8.069999695,7.96999979,7.849999905,7.769999981,7.690000057,7.670000076,7.639999866,7.630000114,7.539999962,7.420000076,7.260000229,7.090000153,6.949999809,6.75,6.559999943,6.460000038,6.369999886,6.300000191,6.260000229,
Canada,CAN,23.87999916,23.18000031,22.51000023,22.67000008,22.93000031,22.75,23.05999947,23.12000084,23.12000084,23.29000092,23.05999947,23.22999954,22.96999931,23.04999924,22.69000053,22.11000061,21.67000008,21.45999908,20.29000092,20.14999962,20.29000092,20.45999908,20.32999992,20.18000031,19.92000008,19.67000008,19.53000069,19.56999969,19.25,
Central Europe and the Baltics,CEB,38.13138418,36.61214529,35.75617343,34.60985258,33.91735159,33.90524529,33.27225348,32.91660615,31.86973054,31.23360223,31.3086382,31.52819243,31.32894198,31.94479852,31.92880733,32.29127393,32.95759722,33.55280771,32.08231221,30.96785667,31.16660817,30.86109998,30.70869785,30.86629267,30.81949947,31.49580371,31.73759613,31.84301359,31.88466001,
Switzerland,CHE,29.21999931,28.04999924,27.26000023,27.38999939,28.42000008,26.47999954,25.38999939,25.14999962,24.69000053,25,24.45000076,23.40999985,22.44000053,22.29999924,22.45999908,22.64999962,22.54000092,22.87999916,22.13999939,22.45000076,22.28000069,21.61000061,21.79000092,21.29000092,20.75,20.59000015,20.52000046,20.45999908,20.34000015,
Channel Islands,CHI,36.86000061,36.63999939,36.47999954,36.38999939,36.18999863,35.95000076,35.72000122,35.45000076,35.16999817,35.04999924,34.25,33.47999954,32.63999939,32.08000183,31.63999939,31.42000008,31.21999931,30.45999908,29.28000069,28.78000069,28.27000046,27.79000092,27.37999916,27.02000046,26.62000084,26.15999985,25.67000008,25.14999962,24.63999939,
Chile,CHL,26.29999924,26.46999931,27.22999954,26.04999924,26.05999947,26.59000015,27.29000092,25.53000069,23.42000008,23.38999939,23.92000008,23.86000061,23.39999962,23.60000038,22.95000076,23.29000092,23.37999916,23.54000092,23.09000015,22.95999908,23.37999916,23.82999992,23.87999916,23.48999977,23.28000069,23.01000023,22.73999977,22.32999992,22.25,
China,CHN,21.39999962,21.70000076,22.39999962,22.70000076,23,23.5,23.70000076,23.5,23,22.5,22.29999924,21.39999962,21.60000038,22.5,23.79999924,25.20000076,26.79999924,27.20000076,27.79999924,28.70000076,29.5,30.29999924,30.10000038,29.89999962,29.18000031,28.79999924,28.11000061,28.31999969,27.42000008,
Cote d'Ivoire,CIV,13.43000031,13.35999966,13.27000046,13.17000008,13.10000038,13.03999996,13.06999969,12.90999985,12.78999996,12.64000034,12.27999973,12.06999969,11.86999989,11.73999977,11.57999992,11.43000031,11.36999989,11.27999973,11.32999992,11.26000023,11.31999969,11.52000046,11.81999969,11.97999954,12.10000038,12.26000023,12.52000046,12.72999954,12.85999966,
Cameroon,CMR,9.93999958,9.829999924,9.710000038,9.640000343,9.569999695,9.520000458,9.5,9.539999962,9.600000381,9.680000305,9.800000191,10.02000046,10.23999977,10.44999981,10.67000008,10.92000008,11.17000008,11.51000023,11.93000031,12.28999996,12.71000004,13.17000008,13.61999989,14.07999992,14.22999954,14.32999992,14.42000008,14.42000008,14.42000008,
"Congo, Dem. Rep.",COD,9.479999542,9.319999695,9.149999619,8.979999542,8.869999886,8.779999733,8.569999695,8.430000305,8.239999771,8.079999924,8.119999886,8.109999657,8.090000153,8.159999847,8.210000038,8.279999733,8.399999619,8.479999542,8.590000153,8.68999958,8.81000042,8.960000038,9.140000343,9.340000153,9.520000458,9.590000153,9.659999847,9.739999771,9.840000153,
"Congo, Rep.",COG,25.65999985,25.47999954,25.32999992,25.17000008,25.01000023,24.78000069,24.54000092,24.45000076,24.20999908,23.92000008,23.85000038,23.79000092,23.72999954,23.55999947,23.40999985,23.32999992,23.29999924,23.21999931,23.31999969,23.10000038,23.07999992,22.95999908,22.85000038,22.72999954,22.68000031,22.47999954,22.19000053,21.80999947,21.46999931,
Colombia,COL,19.73999977,19.69000053,19.69000053,19.69000053,19.64999962,19.52000046,19.44000053,19.21999931,18.77000046,18.56999969,18.43000031,18.45999908,18.56999969,18.77000046,18.92000008,19.21999931,19.52000046,19.65999985,19.82999992,20,20.65999985,20.65999985,19.63999939,19.79000092,19.82999992,19.40999985,19.42000008,19.98999977,20.12000084,
Comoros,COM,15.56999969,15.44999981,15.31000042,15.14999962,14.98999977,14.82999992,14.68999958,14.56000042,14.44999981,14.38000011,14.31999969,14.27999973,14.25,14.26000023,14.65999985,15.06999969,15.59000015,16.02000046,16.5,16.98999977,17.5,17.98999977,18.52000046,19.03000069,19.06999969,19.04999924,19.02000046,18.93000031,18.82999992,
Cabo Verde,CPV,17.90999985,18.03000069,18.18000031,18.38999939,18.62999916,18.95999908,19.29000092,19.67000008,20.04999924,20.45999908,20.86000061,21.29999924,21.65999985,21.97999954,22.30999947,22.57999992,22.78000069,22.95000076,23.04999924,23.07999992,22.96999931,22.82999992,22.65999985,22.48999977,22.30999947,22.07999992,21.90999985,21.87999916,21.79999924,
Costa Rica,CRI,26.32999992,26.17000008,25.68000031,26.10000038,24.05999947,23.31999969,23.63999939,23.02000046,23.27000046,22.43000031,23.42000008,22.57999992,22.28000069,22.07999992,21.62999916,21.76000023,22.26000023,21.65999985,20.07999992,19.63999939,19.25,18.17000008,16.48999977,17.68000031,19.14999962,18.61000061,18.45000076,19.67000008,18.79999924,
Caribbean small states,CSS,21.43446596,21.00632974,20.76732003,20.52280213,21.41295201,21.54750169,21.03798769,21.53983606,21.41614934,21.10935291,21.30413333,21.21775604,21.15377474,21.91720753,22.04855522,21.95242271,21.84642073,21.7498113,21.1459144,20.93633747,20.56362684,20.31176648,20.26375144,19.95994155,19.79136003,19.83783546,19.67756671,19.68401421,19.58143283,
Cuba,CUB,29.25,28.94000053,27.53000069,25.63999939,22.89999962,22.89999962,22.89999962,20.79999924,19.09000015,19.09000015,18.81999969,18.53000069,18.29999924,18.18000031,18.14999962,18.15999985,18.03000069,18.09000015,17.56999969,17.06999969,17.14999962,19.18000031,17.20000076,16.89999962,17.10000038,17.07999992,17.03000069,17.12000084,17.11000061,
Curacao,CUW,,,,,,,,,,,,,,,,,,,,,,,,,,,,,,
Cayman Islands,CYM,,,,,,,,,,,,,,,,,,,,,,,,,,,,,,
Cyprus,CYP,29.34000015,28.5,27.13999939,26.14999962,25.53000069,25.03000069,24.54000092,24.37000084,24.11000061,23.77000046,23.69000053,23.18000031,22.87999916,23.37999916,24.04999924,22.64999962,22.52000046,23.04999924,21.81999969,20.39999962,20.89999962,20.17000008,17.55999947,16.52000046,16.22999954,17.04999924,17.04999924,16.65999985,18.44000053,
Czech Republic,CZE,44.93000031,44.09999847,43.54000092,42.68999863,42.25,42.00999832,41.56000137,41.50999832,40.56000137,39.95000076,40.52999878,40.13000107,39.88000107,39.29999924,39.49000168,39.97000122,40.22000122,40.52999878,38.56999969,37.99000168,38.45000076,38.11999893,37.50999832,38.04000092,38.02999878,38.06999969,38.06000137,37.5,37.25,
Germany,DEU,37.72000122,37.36999893,36.74000168,36.41999817,36,35.27000046,34.66999817,34.38999939,33.83000183,33.52999878,32.77999878,32.36999893,31.37999916,31.25,29.84000015,29.64999962,29.89999962,29.34000015,28.79999924,28.30999947,28.23999977,28.19000053,27.78000069,28.04999924,27.69000053,27.37999916,27.39999962,27.34000015,27.18000031,
Djibouti,DJI,16.25,16.04000092,15.81000042,15.56000042,15.31000042,15.06000042,14.81000042,14.56999969,14.32999992,14.10999966,13.90999985,13.72999954,13.57999992,13.43999958,13.34000015,13.27000046,13.21000004,13.15999985,13.14000034,13.13000011,13.13000011,13.14999962,13.18000031,13.25,13.30000019,13.35000038,13.39999962,13.42000008,13.43999958,
Dominica,DMA,,,,,,,,,,,,,,,,,,,,,,,,,,,,,,
Denmark,DNK,26.89999962,26.68000031,26.10000038,26.51000023,27.07999992,26.39999962,26.23999977,26.45000076,26.93000031,25.34000015,25.38999939,23.48999977,23.14999962,23.69000053,23.88999939,23.32999992,23.51000023,23.26000023,20.56999969,19.87000084,20.04000092,19.77000046,19.63999939,19.37000084,19.42000008,19.04999924,18.94000053,18.90999985,18.54999924,
Dominican Republic,DOM,26.79000092,26.68000031,26.54999924,26.39999962,26.20999908,26,25.53000069,26.12000084,25.29999924,24.63999939,23.62999916,21.54999924,22.20999908,23.15999985,22.57999992,22.36000061,22.46999931,21.45000076,18.20999908,18.47999954,18.17000008,18.56999969,17.09000015,17.79000092,18.37000084,19.01000023,19.43000031,19.59000015,18.81999969,
Algeria,DZA,25.39999962,25.26000023,25.03000069,24.81999969,24.81999969,24.78000069,24.70000076,24.77000046,24.67000008,24.89999962,25.01000023,24.79999924,24.69000053,25.63999939,26.76000023,27.52000046,28.37999916,28.88999939,29.56999969,30.20000076,30.86000061,30.80999947,30.95999908,30.95999908,30.92000008,30.95000076,30.98999977,30.90999985,30.42000008,
East Asia & Pacific (excluding high income),EAP,19.68890064,19.95427767,20.64944736,21.18563407,21.3697876,21.8247408,21.97633406,21.57781247,21.21291467,20.8896475,20.9309726,20.33832738,20.5099274,21.27432812,22.37189236,23.42608012,24.56669683,24.79363597,25.17978552,25.8275236,26.42573882,27.08490658,26.9666265,27.03152855,26.66958037,26.50666664,26.09487595,26.34627897,25.76106024,
Early-demographic dividend,EAR,16.98927517,16.99971776,16.99876236,17.3244843,17.19125302,17.25337944,17.31862075,17.25448433,17.34071895,17.40426226,17.59126928,17.67367987,17.89159676,18.35989273,18.77646016,19.20688472,19.65867913,19.74057633,19.99262386,20.47234848,21.12191268,21.77058344,21.84239027,22.06429439,22.27933756,22.35668318,22.49226205,22.65689873,22.65637002,
East Asia & Pacific,EAS,21.34801394,21.55640252,22.09147061,22.52634165,22.63482674,22.9827613,23.07208487,22.54963867,22.16661454,21.85083342,21.80640772,21.21071906,21.31336117,21.94650559,22.88909899,23.81183054,24.80956919,24.98597115,25.23668813,25.7906743,26.31003625,26.88762381,26.83828118,26.82344973,26.49064915,26.31684536,25.94149748,26.15245796,25.58922895,
Europe & Central Asia (excluding high income),ECA,33.1050227,32.30840554,31.59146538,30.19979116,29.09658194,28.19186512,26.85895898,26.28286965,26.05483431,26.08166393,26.29322922,26.33185119,26.41109186,26.36149074,26.27060337,26.28082539,26.57010141,26.26826741,25.54959662,25.79739265,25.67284988,25.81399657,25.6806506,25.98943102,25.58738189,25.42507145,25.41588866,25.53054427,25.40525315,
Europe & Central Asia,ECS,33.24844059,32.51768396,31.8361063,30.81120294,30.16995669,29.56064025,28.7892974,28.55345177,28.11359084,27.88736958,27.8381093,27.62467187,27.32939154,27.15413939,26.90371767,26.86826186,27.01305959,26.72274648,25.63512064,25.33477555,25.20253891,25.04168413,24.77388028,24.84735859,24.5927058,24.50205666,24.52488951,24.5622061,24.47523671,
Ecuador,ECU,23.01000023,22.84000015,22.73999977,22.62999916,22.43000031,22.13999939,22.02000046,21.75,20.96999931,20.45999908,20.15999985,19.37000084,18.60000038,17.96999931,17.60000038,18.60000038,18.63999939,18.76000023,18.80999947,18.48999977,17.95000076,17.52000046,19.07999992,19.95999908,19.65999985,18.62999916,18.54999924,18.53000069,17.20999908,
"Egypt, Arab Rep.",EGY,21.34000015,21.46999931,21.68000031,21.48999977,21.88999939,22.09000015,22.30999947,22.25,22.57999992,21.29999924,21.27000046,20.55999947,19.75,19.95999908,21.51000023,22.11000061,22.15999985,22.90999985,23.76000023,25.37999916,23.56999969,24.86000061,24.11000061,24.39999962,25.07999992,25.5,26.55999947,26.87000084,26.94000053,
Euro area,EMU,33.24981691,32.78016478,32.13412798,31.64524255,31.43538097,30.84694955,30.51989132,30.64399768,30.2447061,30.01251333,29.75736792,29.37798978,28.72666906,28.42706251,27.92766243,27.74381561,27.62534207,27.08900206,25.91607503,25.20241136,24.90584746,24.46051787,23.94918089,23.75127408,23.67191852,23.49184044,23.54703599,23.53394084,23.45672481,
Eritrea,ERI,8.489999771,8.579999924,8.710000038,8.840000153,9,9.140000343,9.279999733,9.329999924,9.359999657,9.359999657,9.279999733,9.170000076,8.970000267,8.789999962,8.569999695,8.380000114,8.210000038,8.090000153,7.940000057,7.849999905,7.78000021,7.699999809,7.619999886,7.579999924,7.489999771,7.429999828,7.349999905,7.320000172,7.289999962,
Spain,ESP,32.34000015,31.78000069,31.04000092,30.26000023,30.20999908,29.46999931,29.90999985,30.51000023,30.68000031,30.82999992,31.45999908,31.04000092,30.70999908,30.20999908,29.56999969,29.39999962,29.11000061,27.82999992,24.59000015,22.97999954,21.76000023,20.67000008,19.75,19.45000076,19.89999962,19.61000061,20.05999947,20.32999992,20.43000031,
Estonia,EST,37.04999924,36,33.25,32.5,34.22999954,33.65000153,33.43999863,32.95000076,31.63999939,34.99000168,33.75,29.79999924,30.70000076,33.95000076,34.06999969,33.54000092,35.13000107,35.27000046,31.44000053,30.31999969,32.43000031,31.10000038,30.27000046,30.14999962,30.65999985,29.71999931,29.95999908,29.64999962,28.70000076,
Ethiopia,ETH,6.789999962,6.730000019,6.690000057,6.639999866,6.599999905,6.570000172,6.539999962,6.510000229,6.510000229,6.599999905,6.71999979,6.840000153,6.989999771,7.190000057,7.360000134,7.420000076,7.519999981,7.630000114,7.760000229,7.929999828,8.090000153,8.25,8.409999847,8.590000153,8.770000458,8.960000038,9.119999886,9.220000267,9.319999695,
European Union,EUU,34.14894671,33.44963842,32.76157082,32.11584311,31.77571989,31.33833026,30.9411116,30.9355874,30.3955345,30.01324862,29.82198959,29.52155551,28.96425879,28.8526081,28.45679698,28.39373145,28.43371152,28.14576652,26.94917631,26.16180065,25.97313059,25.56260635,25.14708131,25.04335593,24.94528331,24.94750949,25.04519397,25.05261279,25.00009621,
Fragile and conflict affected situations,FCS,11.3700045,11.49414872,11.54667598,11.43863233,11.57018461,11.5682647,11.70681628,11.7696982,11.67239225,11.64681757,11.61504054,11.59056524,11.66890177,11.76796627,11.92434583,12.17550969,12.33267445,12.4636808,12.59115393,12.69811552,12.76508896,13.10011,13.39115747,13.46296901,13.37083863,13.21679795,13.08576517,13.09618188,12.97088316,
Finland,FIN,28.78000069,28.15999985,27.78000069,27.70999908,27.60000038,27.09000015,27.42000008,28.26000023,27.72999954,27.95000076,27.07999992,27.14999962,26.70000076,26.06999969,25.80999947,25.69000053,25.71999931,25.14999962,23.95000076,23.29999924,23,22.79000092,22.85000038,21.89999962,21.70000076,22.15999985,22.15999985,22.34000015,21.63999939,
Fiji,FJI,22.34000015,22.45999908,22.45999908,22.47999954,22.46999931,22.52000046,22.37000084,22.29999924,22.37999916,22.12999916,21.98999977,21.76000023,21.40999985,21.21999931,20.85000038,20.04000092,18.97999954,18.20999908,17.32999992,16.73999977,16.13999939,15.46000004,15.10000038,14.84000015,14.55000019,14.17000008,14.22000027,14.22999954,14.14000034,
France,FRA,28.38999939,28.09000015,27.51000023,26.82999992,26.94000053,26.51000023,26.55999947,26.32999992,26.29999924,26.27000046,26.03000069,25.39999962,24.13999939,24.25,23.78000069,23.79999924,23.31999969,23.25,22.67000008,22.25,22.17000008,21.76000023,21.30999947,20.53000069,20.31999969,20.22999954,20.40999985,20.23999977,20.43000031,
Faroe Islands,FRO,,,,,,,,,,,,,,,,,,,,,,,,,,,,,,
"Micronesia, Fed. Sts.",FSM,,,,,,,,,,,,,,,,,,,,,,,,,,,,,,
Gabon,GAB,9.43999958,9.529999733,9.579999924,9.590000153,9.619999886,9.640000343,9.640000343,9.670000076,9.770000458,9.819999695,9.840000153,9.890000343,9.909999847,9.949999809,9.970000267,10.05000019,10.06999969,10.14999962,10.22999954,10.26000023,10.30000019,10.35999966,10.40999985,10.47000027,10.52000046,10.59000015,10.64999962,10.71000004,10.73999977,
United Kingdom,GBR,30.42000008,29.86000061,29.38999939,27.78000069,27.42000008,27.42000008,26.86000061,26.67000008,25.80999947,25.17000008,24.63999939,23.90999985,23.34000015,22.29999924,22.21999931,22.05999947,22.19000053,22,19.61000061,19.20999908,19.18000031,19.06999969,18.87000084,18.96999931,18.65999985,18.46999931,18.26000023,18.12999916,18.12000084,
Georgia,GEO,13.06000042,12.5,11.96000004,11.5,11.10999966,10.84000015,10.55000019,10.18999958,9.449999809,9.800000191,9.279999733,8.220000267,8.350000381,8.840000153,9.289999962,9.050000191,10.36999989,10.26000023,10.21000004,10.60000038,10.93999958,10.82999992,10.81999969,11.10000038,11.02000046,11.90999985,13.17000008,14.39000034,14.26000023,
Ghana,GHA,14.01000023,14,14.06000042,14.02999973,14.01000023,13.97000027,13.97999954,13.97000027,13.98999977,14,14.01000023,14.03999996,14.06999969,14.10999966,14.18000031,14.22999954,14.06999969,13.94999981,13.86999989,13.90999985,13.97999954,14,14.06999969,16.20000076,18.69000053,19.12999916,19.62000084,20.46999931,21.04999924,
Gibraltar,GIB,,,,,,,,,,,,,,,,,,,,,,,,,,,,,,
Guinea,GIN,5.679999828,5.659999847,5.659999847,5.639999866,5.630000114,5.619999886,5.610000134,5.590000153,5.590000153,5.539999962,5.519999981,5.5,5.550000191,5.510000229,5.489999771,5.46999979,5.460000038,5.460000038,5.440000057,5.420000076,5.429999828,5.449999809,5.489999771,5.53000021,5.590000153,5.639999866,5.690000057,5.739999771,5.789999962,
"Gambia, The",GMB,18.02000046,17.95999908,17.89999962,17.82999992,17.77000046,17.69000053,17.63999939,17.57999992,17.51000023,17.45000076,17.37999916,17.35000038,17.21999931,17.09000015,17.02000046,16.90999985,16.76000023,16.55999947,16.36000061,16.17000008,16.09000015,15.90999985,15.72999954,15.63000011,15.47999954,15.34000015,15.18999958,15.09000015,15.01000023,
Guinea-Bissau,GNB,10.94999981,10.90999985,10.88000011,10.88000011,10.81000042,10.68999958,10.67000008,10.53999996,10.32999992,10.06000042,9.829999924,9.649999619,9.510000229,9.369999886,9.25,9.159999847,9.050000191,9.029999733,8.960000038,8.909999847,8.859999657,8.840000153,8.819999695,8.779999733,8.720000267,8.710000038,8.670000076,8.640000343,8.609999657,
Equatorial Guinea,GNQ,10.39000034,10.56999969,10.81000042,11.15999985,11.64000034,12.52999973,13.22000027,14.25,15.43000031,16.87000084,18.38999939,19.95999908,21.48999977,22.82999992,23.95000076,24.87000084,25.84000015,26.48999977,26.47999954,26.42000008,26.14999962,25.45000076,24.72999954,23.87000084,22.79000092,21.81999969,21.10000038,20.36000061,19.35000038,
Greece,GRC,25.15999985,24.79000092,24.20000076,23.62000084,23.20000076,22.87000084,22.45999908,23.23999977,22.95999908,22.60000038,23.05999947,22.79999924,22.54000092,22.45999908,22.38999939,22.02000046,22.44000053,22.21999931,21.12999916,19.59000015,17.69000053,16.54000092,15.56000042,14.97999954,14.93999958,15.25,15.40999985,15.25,15.34000015,
Grenada,GRD,,,,,,,,,,,,,,,,,,,,,,,,,,,,,,
Greenland,GRL,,,,,,,,,,,,,,,,,,,,,,,,,,,,,,
Guatemala,GTM,23.25,23.23999977,23.20000076,23.18000031,23.19000053,23.05999947,23.12000084,23.21999931,22.87000084,22.48999977,22.92000008,23.30999947,23.63999939,20.17000008,21.39999962,22.80999947,22.90999985,22.70999908,22.18000031,22.01000023,20.73999977,19.5,18.15999985,19.45999908,18.89999962,21.01000023,19,18.70999908,18.72999954,
Guam,GUM,12.18000031,12.19999981,12.22999954,12.28999996,12.32999992,12.38000011,12.43999958,12.52000046,12.56000042,12.63000011,12.85999966,13.05000019,13.22000027,13.44999981,13.64999962,13.84000015,14.10999966,14.39000034,14.60999966,14.82999992,14.92000008,15.01000023,15.09000015,15.17000008,15.21000004,15.26000023,15.31000042,15.40999985,15.53999996,
Guyana,GUY,20.98999977,21.23999977,21.39999962,21.75,22.05999947,22.51000023,22.97999954,23.35000038,23.95999908,24.37999916,24.93000031,25.37999916,25.23999977,25.13999939,24.78000069,24.63999939,24.90999985,24.87999916,24.88999939,24.93000031,25.02000046,25.05999947,25.12999916,25.21999931,25.09000015,25.06999969,24.92000008,24.89999962,24.96999931,
High income,HIC,31.1209929,30.74274784,30.22322885,29.75243729,29.43718156,29.08561406,28.76148277,28.32512616,27.87468243,27.57114687,27.11133914,26.54347967,26.10791089,25.87514529,25.575207,25.52525624,25.48026832,25.14834156,24.0083012,23.60435254,23.53970635,23.35974497,23.40774944,23.19550163,23.06627779,22.99351955,22.97551438,22.9786553,22.86286798,
"Hong Kong SAR, China",HKG,34.88999939,32.95999908,29.79999924,27.93000031,27,25.55999947,24.19000053,22.54999924,21.13999939,20.32999992,19.36000061,18.26000023,17.11000061,15.57999992,15.06999969,14.72999954,14.14000034,13.46000004,13.14000034,12.82999992,12.57999992,12.35999966,12.18999958,12.05000019,11.89999962,11.81000042,11.56999969,11.31999969,11.07999992,
Honduras,HND,21.25,20.12000084,22.27000046,24.06999969,24.26000023,22.30999947,22.02000046,22.96999931,22.03000069,22.27000046,22.18000031,21.82999992,21.40999985,22.37999916,23.52000046,22.10000038,22.32999992,22,20.81999969,19.07999992,19.77000046,19.93000031,19.04000092,22.02000046,21.80999947,21.57999992,20.68000031,20.20999908,21.38999939,
Heavily indebted poor countries (HIPC),HPC,8.506257074,8.450711697,8.428005884,8.406811334,8.390899865,8.35008904,8.314330916,8.300660557,8.25373385,8.224207037,8.166725527,8.292520258,8.436808996,8.494472469,8.604580889,8.727006623,8.925903089,9.064933774,9.243333055,9.407588916,9.652451555,9.915074169,10.05793432,10.40758273,10.63344179,10.64014379,10.73206404,10.73328152,10.77637483,
Croatia,HRV,29.98999977,29.12000084,28.79000092,29.04000092,29.01000023,29.14999962,29.54000092,29.48999977,29.09000015,29.17000008,29.69000053,29.81999969,30.25,29.63999939,28.62999916,29.35000038,30.63999939,30.85000038,29.01000023,27.45000076,27.95000076,27.90999985,27.62999916,26.97999954,26.70999908,26.96999931,26.42000008,27.42000008,27.67000008,
Haiti,HTI,7.460000038,7.179999828,7.039999962,6.730000019,6.960000038,7.739999771,7.730000019,8.090000153,7.860000134,7.559999943,7.360000134,7.210000038,7.119999886,6.849999905,6.829999924,7.079999924,7.239999771,7.119999886,7,6.360000134,6.739999771,6.889999866,6.989999771,7.079999924,7.179999828,6.929999828,6.71999979,6.699999809,6.659999847,
Hungary,HUN,35.63999939,35.08000183,34.06999969,33.38999939,33.08000183,33.24000168,33.22999954,34.77999878,34.34999847,33.77000046,34.41999817,34.13999939,33.40000153,32.95000076,32.47999954,32.31999969,32.52000046,32.22000122,31.15999985,30.70000076,30.84000015,29.79000092,29.89999962,30.5,30.32999992,30.44000053,31.52000046,32.41999817,32.09000015,
IBRD only,IBD,21.28167961,21.26252541,21.49127966,21.59592326,21.56678189,21.74185763,21.69569565,21.39795747,21.16600383,20.97898419,21.0012125,20.70348421,20.89040374,21.49241774,22.22063613,22.99237067,23.85654816,24.06630307,24.26379151,24.79841589,25.37739984,26.03531213,25.93702611,26.01213732,25.76051458,25.64680169,25.4501195,25.56274521,25.21120011,
IDA & IBRD total,IBT,19.693414,19.64694819,19.8040808,19.85544818,19.80148113,19.9150936,19.86028596,19.59574593,19.39165761,19.2228283,19.22991011,18.98496466,19.14832763,19.64533126,20.24090676,20.88707913,21.60217964,21.75692834,21.94006113,22.38609909,22.85295056,23.41878652,23.37027366,23.44966949,23.27316833,23.15186854,22.97865165,23.06727596,22.7707997,
IDA total,IDA,11.77177565,11.65653546,11.55237146,11.4544343,11.39431947,11.30769292,11.32641895,11.32912272,11.35329884,11.3501983,11.4051095,11.49127903,11.6461294,11.75990061,11.87583006,12.10140983,12.29817256,12.3625033,12.65199146,12.90909459,13.07922998,13.38347186,13.63685989,13.89209176,14.16567582,14.15643629,14.2612944,14.44667852,14.51535528,
IDA blend,IDB,17.21213266,17.11452737,16.97720929,16.88934413,16.73360568,16.57027153,16.39035809,16.15522681,15.99285483,15.75445511,15.55011066,15.33074406,15.2677354,15.10859049,14.86891092,14.91730671,14.92892723,14.57005168,14.90936578,15.07397146,15.18513164,15.70336535,16.23905255,16.28738545,16.75670131,16.65938165,16.89583156,17.07118222,17.05579787,
Indonesia,IDN,15.18999958,15.34000015,16.45000076,19.68000031,18.40999985,18.79000092,18.79999924,17.78000069,17.56999969,17.44000053,18.73999977,18.76000023,17.70999908,18.01000023,18.76000023,18.59000015,18.81999969,18.44000053,18.29999924,18.64999962,19.98999977,21.06999969,20.95000076,21.39999962,22.04000092,21.71999931,22.02000046,22.29000092,22.36000061,
IDA only,IDX,9.352650877,9.234154606,9.158301265,9.057520026,9.061661506,9.003837791,9.098599531,9.208116387,9.307091568,9.396741908,9.568943876,9.790116045,10.0341173,10.26442785,10.54354995,10.84584541,11.11648369,11.36690516,11.62583745,11.9207721,12.11163546,12.32581393,12.46432362,12.81174874,12.99778832,13.04408231,13.09941286,13.28983786,13.39065953,
Isle of Man,IMN,,,,,,,,,,,,,,,,,,,,,,,,,,,,,,
India,IND,15.18000031,15.23999977,15.27000046,15.43000031,15.60000038,15.77000046,15.77000046,15.89000034,16.18000031,16.31999969,16.62999916,16.92000008,17.5,18.26000023,18.79999924,19.42000008,20.09000015,20.42000008,21.09000015,21.80999947,23.10000038,24.36000061,24.37000084,24.45000076,24.54000092,24.73999977,24.86000061,24.95000076,25.12000084,
Not classified,INX,,,,,,,,,,,,,,,,,,,,,,,,,,,,,,
Ireland,IRL,27.46999931,27.29000092,27.14999962,27.84000015,27.78000069,27.32999992,28.54999924,28.68000031,28.29999924,28.45999908,28.93000031,27.62000084,27.73999977,27.60000038,27.60000038,27.77000046,25.77000046,23.29000092,19.85000038,18.09000015,17.45000076,16.97999954,17.22999954,17.29999924,18.11000061,18.54999924,18.84000015,18.80999947,18.77000046,
"Iran, Islamic Rep.",IRN,31.63999939,31.61000061,31.12999916,30.85000038,30.72999954,31.31999969,30.65999985,30.12999916,29.96999931,30,29.96999931,30.34000015,30.62999916,30.51000023,30.37000084,31.70999908,32.06999969,32.27000046,31.79000092,32.20000076,33.02999878,33.18000031,33.29000092,33.75999832,32.52999878,31.87999916,32.04000092,32.04000092,31.38999939,
Iraq,IRQ,18.22999954,18.29999924,18.27000046,18.22999954,18.21999931,18.60000038,19.12000084,19.70999908,20.78000069,20.73999977,20.53000069,19.62999916,19.77000046,19.03000069,19.73999977,20.55999947,20.45000076,21.05999947,20.81999969,21.64999962,22.02000046,23.12999916,23.37000084,23.38999939,22.71999931,23.61000061,23.21999931,22.80999947,22.93000031,
Iceland,ISL,25.95999908,24.68000031,25.23999977,25.87000084,24.94000053,23.51000023,24.68000031,26.62999916,23.13999939,22.10000038,22.90999985,22.54999924,21.65999985,23.36000061,21.69000053,21.54999924,20.89999962,22,19.5,18.44000053,18.54999924,18.21999931,18.63999939,18.43000031,17.84000015,17.45999908,17.47999954,16.79000092,17.46999931,
Israel,ISR,25.76000023,25.51000023,25.54999924,25.62000084,25.07999992,24.54999924,24,23.43000031,22.85000038,22.42000008,21.70000076,21.07999992,20.59000015,20.17000008,19.77000046,19.46999931,19.19000053,18.80999947,18.32999992,18.07999992,17.82999992,17.48999977,17.73999977,17.68000031,17.57999992,17.5,17.37999916,17.29000092,17.22999954,
Italy,ITA,34.95999908,34.63000107,34.11000061,33.75999832,33.65999985,33.34999847,32.61999893,32.72999954,32.38000107,31.79000092,31.73999977,31.60000038,31.77000046,30.84000015,30.68000031,30.04999924,30.12999916,29.79999924,29.23999977,28.61000061,28.29000092,27.57999992,27.04999924,26.89999962,26.60000038,26.12000084,26,26.10000038,25.87000084,
Jamaica,JAM,19.18000031,19.07999992,19.20999908,19.01000023,20.20999908,20.31999969,18.65999985,18.27000046,17.97999954,16.98999977,17.13999939,17.30999947,17.45000076,18.26000023,17.77000046,17.76000023,17.04999924,16.78000069,16.37000084,16.22999954,16.05999947,15.46000004,15.22000027,14.93999958,14.93000031,15.65999985,15.69999981,16.10000038,16.18000031,
Jordan,JOR,21.35000038,21.60000038,21.54000092,21.46999931,21.40999985,21.19000053,21.06999969,21,20.94000053,20.90999985,21,21.12000084,23.18000031,25.80999947,26.12000084,26.18000031,26.39999962,26.39999962,26.55999947,26.29999924,25.85000038,25.60000038,25.39999962,25.11000061,24.88999939,24.62000084,24.43000031,24.25,24.45000076,
Japan,JPN,34.59000015,34.77000046,34.43999863,34.18999863,33.70000076,33.43000031,33.25999832,32.22000122,31.86000061,31.42000008,30.70000076,29.94000053,29.14999962,28.43000031,27.97999954,27.73999977,27.5,27.19000053,26.14999962,25.55999947,25.34000015,25.27000046,25.26000023,25.07999992,24.96999931,24.70000076,24.62999916,24.43000031,24.21999931,
Kazakhstan,KAZ,18.12000084,17.81999969,17.5,17.18000031,16.84000015,16.60000038,16.42000008,16.23999977,16.17000008,16.23999977,16.32999992,16.28000069,16.95999908,17.40999985,18,18.43000031,18.93000031,18.93000031,18.63999939,18.70999908,18.96999931,19.38999939,19.81999969,20.23999977,20.55999947,20.57999992,20.64999962,20.81999969,20.97999954,
Kenya,KEN,16.63999939,16.46999931,16.23999977,16.01000023,15.64000034,15.22999954,14.64000034,13.96000004,13.13000011,11.56999969,10.18999958,9.050000191,8.090000153,7.340000153,6.699999809,6.460000038,6.289999962,6.130000114,6.039999962,6.010000229,6.010000229,6.010000229,6.03000021,6.059999943,6.090000153,6.130000114,6.159999847,6.190000057,6.21999979,
Kyrgyz Republic,KGZ,26.54999924,22.53000069,21.35000038,19.34000015,16.71999931,14.57999992,13.52999973,13.05000019,11.55000019,10.47000027,10.35000038,11.97999954,15.01000023,17.56999969,17.57999992,19.39999962,20.28000069,20.64999962,20.93000031,21.07999992,21.39999962,21.70999908,20.20000076,20.43000031,20.89999962,22.09000015,23.14999962,24.62999916,25.36000061,
Cambodia,KHM,6.019999981,6.179999828,6.28000021,5.769999981,6.090000153,6.340000153,6.610000134,6.880000114,7.610000134,8.539999962,11,11.5,11.89999962,12.53999996,13.27999973,14,14.72000027,15.13000011,15.61999989,16.04000092,16.46999931,17.76000023,19.28000069,23.77000046,24.92000008,25.76000023,25.48999977,27.02000046,27.90999985,
Kiribati,KIR,,,,,,,,,,,,,,,,,,,,,,,,,,,,,,
St. Kitts and Nevis,KNA,,,,,,,,,,,,,,,,,,,,,,,,,,,,,,
"Korea, Rep.",KOR,36.81999969,35.75,34.02000046,33.63000107,33.43999863,32.63999939,31.43000031,27.97999954,27.51000023,28.14999962,27.47999954,27.31999969,27.61000061,27.15999985,26.65999985,26.14999962,25.79000092,25.30999947,24.5,25.02000046,24.85000038,24.57999992,27.57999992,25,25.38999939,25.20000076,25.27000046,25.20000076,24.57999992,
Kuwait,KWT,19.60000038,20.79999924,22.71999931,22.97999954,23.11000061,23.13999939,22.76000023,21.87000084,21.65999985,21.92000008,21.04999924,20.45000076,20.65999985,20.86000061,20.70000076,22,23.29999924,25.13999939,23.95000076,23.69000053,23.92000008,24.03000069,23.78000069,23.47999954,22.59000015,22.37999916,22.04000092,22.12000084,22.14999962,
Latin America & Caribbean (excluding high income),LAC,23.73600918,23.4980452,23.16074203,22.91011156,22.50811659,22.30859428,22.40593618,22.30201702,21.92585661,21.92485866,21.39397199,21.31551288,21.15292506,21.32121643,21.50950447,21.71102253,22.17137034,22.32028302,21.6456947,21.5825068,21.49161435,21.69724804,21.55034881,21.71854817,21.5253624,21.0044907,20.73214437,20.55687807,20.29289994,
Lao PDR,LAO,2.799999952,2.910000086,3.079999924,3.309999943,3.519999981,3.829999924,3.859999895,4.139999866,4.389999866,4.559999943,4.840000153,5.130000114,5.400000095,5.679999828,6.050000191,6.289999962,6.929999828,7.300000191,7.900000095,8.319999695,8.869999886,9.56000042,10.15999985,10.43999958,10.98999977,11.35000038,11.93000031,12.64999962,12.93999958,
Lebanon,LBN,24.36000061,24.87000084,25.20000076,25.29000092,25.37999916,25.34000015,24.94000053,25,24.64999962,24.43000031,24.37999916,24.27000046,24.20999908,24.55999947,24.47999954,24.38999939,25.03000069,25.54000092,26.20000076,26.28000069,26.12999916,26.01000023,26.12000084,25.82999992,25.32999992,25.05999947,24.70000076,24.23999977,23.59000015,
Liberia,LBR,12.17000008,11.56000042,10.98999977,10.48999977,10.03999996,9.789999962,9.93999958,10.14999962,10.39000034,10.64999962,10.93999958,11,10.88000011,10.85999966,10.81999969,10.81000042,10.78999996,10.77000046,10.77000046,10.78999996,10.81000042,10.81999969,10.81000042,10.75,10.64000034,10.47999954,10.39000034,10.27999973,10.14999962,
Libya,LBY,27.69000053,27.45999908,27.46999931,27.40999985,26.86000061,26.87000084,26.70000076,26.38999939,26.81999969,27,26.64999962,26.69000053,27.46999931,27.59000015,28.40999985,28.79000092,29.05999947,29.48999977,29.56999969,29.47999954,27.75,26.82999992,25.25,23.81999969,22.87999916,22.44000053,23.62000084,24.38999939,24.43000031,
St. Lucia,LCA,22.81999969,22.67000008,22.45999908,21.54000092,25.61000061,22.57999992,20.27000046,18.75,19.22999954,20.56999969,18.87999916,17.48999977,16.60000038,16.84000015,19.5,19.78000069,18.70999908,18.85000038,18.47999954,17.98999977,17.90999985,17.62999916,17.13999939,16.87000084,16.71999931,16.60000038,16.34000015,14.81999969,14.68999958,
Latin America & Caribbean,LCN,23.77196491,23.56126539,23.26096361,22.984797,22.60075846,22.41895988,22.53415854,22.38908005,21.96883486,21.95804621,21.46003193,21.36385311,21.19405058,21.36609388,21.52793646,21.73690942,22.18897189,22.32828948,21.66501208,21.60097461,21.52055721,21.72680366,21.60399342,21.74670548,21.54339312,21.03377254,20.76498862,20.58270265,20.31871334,
Least developed countries: UN classification,LDC,8.396403661,8.301965392,8.203728322,8.066350749,8.061483307,8.058353898,8.190725947,8.317683227,8.455425042,8.609473031,8.82248967,9.054456102,9.304781594,9.517226266,9.776631625,10.08148132,10.34418564,10.60545637,10.88213478,11.21567681,11.41560312,11.69655455,11.9124397,12.21114487,12.34119028,12.37182878,12.41169614,12.58005403,12.64630326,
Low income,LIC,10.26381968,10.10953689,9.938957882,9.827080285,9.752120551,9.599145178,9.37620245,9.254935081,9.226153482,9.069200258,9.041629894,9.072553113,9.108010586,9.08967885,9.173948521,9.281731825,9.410944785,9.600133531,9.762517444,9.931576558,10.05914349,10.19237283,10.23427037,10.33166004,10.30804839,10.27590934,10.27239939,10.18799801,10.22971269,
Liechtenstein,LIE,,,,,,,,,,,,,,,,,,,,,,,,,,,,,,
Sri Lanka,LKA,26.57999992,20.02000046,21.14999962,20.12000084,24.81999969,23.27000046,24.31999969,23.07999992,23.28000069,23.61000061,23.37999916,23.40999985,23.70000076,23.98999977,24.39999962,24.87999916,25.25,25.59000015,25.84000015,25.54999924,25.79000092,26.06999969,26,26.32999992,25.77000046,26.38999939,28.40999985,27.94000053,27.87000084,
Lower middle income,LMC,15.36465405,15.27658801,15.22591575,15.24073307,15.3042662,15.32364832,15.37391137,15.34285821,15.49402295,15.57049479,15.79582764,15.99409125,16.43387062,16.92979615,17.35347748,17.8303397,18.24169631,18.44624405,18.90560616,19.37588756,19.92183816,20.64226302,20.74686631,20.93720681,21.18309651,21.42963738,21.63654297,21.8456238,21.98346943,
Low & middle income,LMY,19.45877625,19.43655437,19.60318634,19.67613826,19.62463729,19.73423996,19.67593602,19.41745253,19.2372302,19.07996549,19.08930775,18.84460024,19.01286311,19.50204932,20.10738657,20.74409081,21.44864945,21.59469123,21.79099448,22.25145887,22.71808245,23.29373657,23.23868304,23.31675891,23.14106503,23.0116524,22.83113025,22.91706087,22.62082772,
Lesotho,LSO,12.97000027,12.98999977,13.02000046,13.01000023,13.01000023,13.02999973,13.05000019,13.03999996,13,13.06000042,13.28999996,13.46000004,13.43000031,13.51000023,13.46000004,13.60999966,13.60000038,13.65999985,13.59000015,13.51000023,13.56999969,13.56999969,13.59000015,13.64000034,13.72999954,13.69999981,13.51000023,13.43999958,13.31000042,
Late-demographic dividend,LTE,23.05862767,23.02039922,23.38949069,23.32828114,23.40127149,23.65046023,23.56309224,23.17993726,22.77889071,22.44868703,22.39554408,21.87279302,22.07869566,22.76031519,23.69197676,24.69033462,25.84028384,26.15718772,26.37827574,26.93430071,27.37075049,27.93525253,27.78337919,27.75746026,27.26967978,27.03913345,26.59702001,26.73123444,26.18030477,
Lithuania,LTU,30.54999924,29.45000076,28.79000092,28.31999969,28.21999931,28.11000061,28.52000046,29.06999969,27.06999969,26.78000069,26.63999939,27.37000084,27.23999977,28.20000076,29.05999947,29.56999969,30.54999924,30.52000046,26.85000038,24.55999947,24.55999947,25.07999992,25.53000069,24.71999931,25.06999969,25.13999939,25.12999916,25.77000046,25.70000076,
Luxembourg,LUX,27.11000061,26.59000015,26.42000008,26.97999954,25.26000023,22.94000053,23.31999969,21.61000061,21.97999954,20.79000092,21.43000031,20.09000015,19.29000092,18.85000038,17.29999924,16.69000053,16.92000008,15.27999973,12.90999985,13.35000038,13.35999966,12.67000008,12.03999996,10.97999954,12.52000046,12.05000019,10.76000023,11.75,10.81000042,
Latvia,LVA,30.72999954,29.15999985,28.20000076,28.14999962,27.63999939,27.25,25.82999992,27.04999924,25.76000023,26.76000023,26.27000046,25.54000092,27.06999969,26.94000053,26.47999954,27.37000084,28.62999916,29.39999962,24.34000015,23.06999969,22.90999985,23.47999954,23.92000008,23.85000038,23.64999962,24.11000061,23.30999947,23.65999985,23.71999931,
"Macao SAR, China",MAC,38.04999924,37.40999985,36.63999939,35.79000092,34.86000061,33.81999969,32.97999954,32.04000092,30.47999954,28.04999924,30.45999908,28.44000053,26.86000061,25.13999939,24.90999985,23.03000069,18.02000046,19.69000053,15.68000031,13.67000008,12.85999966,12.80000019,12.64000034,15.65999985,15.80000019,13.67000008,10.56999969,9.979999542,9.659999847,
St. Martin (French part),MAF,,,,,,,,,,,,,,,,,,,,,,,,,,,,,,
Morocco,MAR,20.10000038,19.86000061,19.62000084,19.89999962,19.44000053,19.96999931,19.65999985,19.96999931,19.77000046,19.70999908,20.05999947,20.12000084,20.18000031,19.47999954,19.51000023,20.29999924,20.55999947,21.04999924,21.20999908,21.48999977,21.85000038,21.38999939,21.64999962,21.87000084,22.26000023,22.25,22.65999985,22.87999916,23.09000015,
Monaco,MCO,,,,,,,,,,,,,,,,,,,,,,,,,,,,,,
Moldova,MDA,24.73999977,26.51000023,20.77000046,19.01000023,16.92000008,15.06000042,14.77000046,14.60999966,13.64000034,13.89000034,13.89999962,14.43999958,16.04999924,16.25,16.01000023,18.19000053,18.73999977,19.68000031,19.28000069,18.64999962,18.75,19.28000069,17.69000053,17.89999962,17.85000038,17.13999939,16.64999962,19.40999985,21.71999931,
Madagascar,MDG,10.22000027,10.14000034,10.03999996,9.909999847,9.770000458,9.590000153,9.359999657,9.109999657,8.829999924,8.31000042,7.579999924,7.110000134,6.710000038,4.730000019,3.420000076,3.809999943,4.260000229,4.789999962,5.329999924,5.989999771,6.760000229,7.690000057,7.96999979,8.180000305,8.340000153,8.539999962,8.590000153,8.680000305,8.729999542,
Maldives,MDV,27.20999908,27.15999985,27.09000015,27.05999947,27.02000046,26.95000076,26.92000008,26.81999969,26.59000015,26.04000092,24.96999931,24.40999985,23.98999977,22.39999962,20.27000046,19.35000038,18.15999985,17.40999985,16.30999947,16.68000031,17.14999962,17.29999924,17.54000092,17.95000076,18.38999939,18.76000023,18.85000038,19.12000084,19.12999916,
Middle East & North Africa,MEA,24.36036225,24.46925476,24.35947326,24.30500772,24.3552876,24.50904874,24.33137629,24.25756575,24.28204841,23.85086481,23.92209404,23.80248311,23.83837679,23.98932827,24.56742403,25.28215091,25.72889205,26.22902255,26.55785181,27.30086226,27.08727199,27.19454097,27.02988624,26.96287908,26.71780029,26.85981045,27.09270328,27.13239548,26.96379937,
Mexico,MEX,25.46999931,25.35000038,25.20000076,25.12999916,24.81999969,24.93000031,24.88999939,24.90999985,25.95999908,27.06999969,26.07999992,25.95999908,25.93000031,26.05999947,26.09000015,26.19000053,26.20000076,25.57999992,24.29999924,24.39999962,24.29999924,24.05999947,24.30999947,24.80999947,25.15999985,25.75,26.01000023,26.12999916,25.54999924,
Marshall Islands,MHL,,,,,,,,,,,,,,,,,,,,,,,,,,,,,,
Middle income,MIC,20.09222481,20.08391804,20.28109955,20.37394606,20.33432358,20.46827331,20.42880442,20.16891999,19.98509957,19.83400606,19.85651993,19.60092554,19.78939273,20.32680347,20.98497446,21.6744189,22.43612407,22.59352568,22.81054539,23.31057103,23.82238328,24.45343985,24.41126781,24.50767839,24.34172888,24.22995994,24.05647984,24.18383302,23.87964784,
North Macedonia,MKD,36.83000183,36.61999893,36.11999893,35.83000183,35.68000031,35.40999985,35.15000153,34.93000031,34.77999878,34.68000031,33.74000168,33.29999924,33.90999985,33.49000168,32.93000031,32.63000107,31.32999992,31.12999916,30.5,30.30999947,30,29.87000084,30.37999916,30.36000061,30.5,30.30999947,30.54999924,31.36000061,31.12999916,
Mali,MLI,7.980000019,7.949999809,7.929999828,7.900000095,7.889999866,7.880000114,7.900000095,7.920000076,7.949999809,8.010000229,8.100000381,8.130000114,8.170000076,8.170000076,8.180000305,8.289999962,8.229999542,8.199999809,8.239999771,8.199999809,8.140000343,8.050000191,7.980000019,8,8.260000229,6.71999979,8.239999771,7.659999847,7.559999943,
Malta,MLT,35.24000168,35.04999924,34.86999893,34.68000031,34.50999832,34.15000153,33.84000015,33.54999924,33.15999985,32.75,30.93000031,31.53000069,29.87999916,29.45000076,29.85000038,28.34000015,26.31999969,25.55999947,25.02000046,25.52000046,24.52000046,22.17000008,21.56999969,20.71999931,20.01000023,19.86000061,19.80999947,18.60000038,18.92000008,
Myanmar,MMR,8.369999886,8.989999771,9.619999886,9.789999962,10.52999973,11.09000015,11.71000004,12.06000042,12.34000015,12.90999985,13.22999954,13.82999992,14.47000027,14.96000004,15.32999992,15.75,15.90999985,16.14999962,16.35000038,16.52000046,16.46999931,16.47999954,16.54000092,16.70000076,16.77000046,16.36000061,15.93999958,17.27000046,16.94000053,
Middle East & North Africa (excluding high income),MNA,24.22899318,24.25630213,24.16580955,24.15087861,24.30926751,24.56914652,24.43660413,24.41703515,24.50112427,24.07529884,24.06447797,23.92517062,23.93544168,24.0676461,24.71344396,25.45995106,25.70071285,26.15344009,26.36621787,27.10681915,26.79287114,26.91979823,26.64440066,26.63759719,26.36237751,26.35316549,26.66443395,26.70706975,26.53678884,
Montenegro,MNE,25.23999977,24.84000015,24.32999992,24.35000038,24.65999985,25.17000008,25.40999985,25.53000069,24.87000084,24.76000023,24.46999931,24.02000046,23.37999916,21.25,19.22999954,18.29000092,17.54000092,18.23999977,18.12000084,18.75,19.54999924,17.92000008,17.77000046,17.55999947,17.45999908,17.46999931,17.07999992,18.89999962,19.40999985,
Mongolia,MNG,19.38999939,17.93000031,17.02000046,16.73999977,17.93000031,17.45999908,16.70000076,15.81999969,15.52999973,14.14000034,13.65999985,14.31999969,11.92000008,16.13999939,16.80999947,17.34000015,13.68000031,15.22999954,14.93999958,16.23999977,17.34000015,18.17000008,20.42000008,20.71999931,20.29000092,18.98999977,19.21999931,20.61000061,21.57999992,
Northern Mariana Islands,MNP,,,,,,,,,,,,,,,,,,,,,,,,,,,,,,
Mozambique,MOZ,2.5,2.50999999,2.519999981,2.539999962,2.559999943,2.609999895,2.680000067,2.75999999,2.849999905,2.950000048,3.099999905,3.230000019,3.390000105,3.609999895,3.839999914,4.110000134,4.380000114,4.679999828,5,5.360000134,5.760000229,6.179999828,6.650000095,7.150000095,7.75,8.029999733,8.25,8.449999809,8.590000153,
Mauritania,MRT,19.78000069,19.68000031,19.57999992,19.40999985,19.26000023,19.11000061,18.90999985,18.67000008,18.52000046,18.20999908,18.05999947,18.01000023,17.94000053,17.96999931,17.96999931,17.90999985,17.94000053,17.95000076,17.95000076,17.88999939,17.87999916,17.89999962,17.86000061,17.86000061,17.84000015,17.77000046,17.77000046,17.67000008,17.61000061,
Mauritius,MUS,40.29000092,39.97999954,39.59999847,39.20999908,39.83000183,38.18000031,37.68000031,38.27000046,38.49000168,39.25,36.56000137,36.61999893,34.08000183,33.58000183,32.43999863,32.13999939,31.94000053,31.77000046,29.68000031,28.70999908,28.13999939,27.98999977,27.39999962,26.76000023,26.11000061,25.42000008,24.72999954,24.11000061,23.68000031,
Malawi,MWI,6.75,6.75,6.659999847,6.650000095,6.610000134,6.559999943,6.510000229,6.46999979,6.389999866,6.289999962,6.159999847,6.059999943,6.019999981,5.920000076,5.849999905,5.869999886,5.889999866,5.829999924,5.800000191,5.78000021,5.78000021,5.739999771,5.710000038,5.670000076,5.619999886,5.559999943,5.5,5.429999828,5.369999886,
Malaysia,MYS,31.34000015,31.62000084,32.02000046,32.15000153,32.34000015,32.22999954,33.65999985,31.76000023,31.70000076,32.18000031,33.11000061,31.97999954,32.02000046,30.12999916,29.71999931,30.26000023,28.45999908,28.67000008,27.01000023,27.62000084,28.45000076,27.56999969,27.94000053,27.73999977,27.52000046,27.48999977,27.71999931,27.11000061,27.01000023,
North America,NAC,25.7535488,25.57181043,25.40191259,25.35592845,25.24577037,25.06761907,24.93417227,24.74857934,24.53928271,24.32878118,23.67342555,22.79825942,22.50334771,22.45796575,22.30410855,22.32538389,22.09115043,21.45999908,20.03113451,19.6957227,19.77368509,19.81850189,19.99164833,20.00169105,19.86645017,19.76824774,19.70853697,19.83774354,19.83852184,
Namibia,NAM,15.05000019,14.90999985,14.77000046,14.61999989,14.52000046,14.36999989,14.27000046,13.60000038,12.92000008,12.31000042,12.77999973,13.36999989,14.10000038,14.82999992,14.65999985,14.56999969,14.44999981,14.27000046,14.18000031,14.05000019,13.96000004,13.88000011,14.43999958,14.82999992,16.98999977,19.32999992,17.65999985,16.21999931,16.39999962,
New Caledonia,NCL,23.22999954,23.26000023,23.37999916,23.42000008,23.51000023,23.39999962,24.13999939,24.22999954,23.81999969,23.37999916,23.04000092,22.63999939,22.15999985,21.56999969,21.30999947,21.39999962,21.98999977,22.37000084,22.17000008,22.06999969,22.56999969,22.81999969,22.94000053,22.56999969,22.70000076,22.79000092,22.70999908,22.75,22.87000084,
Niger,NER,9.380000114,9.300000191,9.210000038,9.100000381,9.010000229,8.899999619,8.779999733,8.659999847,8.539999962,8.380000114,8.239999771,8.090000153,7.960000038,7.840000153,7.710000038,7.599999905,7.5,7.400000095,7.329999924,7.25,7.179999828,7.159999847,7.130000114,7.059999943,6.980000019,6.909999847,6.849999905,6.78000021,6.710000038,
Nigeria,NGA,13.42000008,13.32999992,13.27000046,13.23999977,13.11999989,12.98999977,12.89000034,12.72000027,12.56000042,12.35999966,12.27000046,12.06999969,11.97000027,11.78999996,11.43999958,11.11999989,10.85999966,10.64000034,10.44999981,10.25,10.14999962,10.94999981,11.81000042,11.89000034,11.93999958,12.02999973,12.05000019,12.02000046,12,
Nicaragua,NIC,17.68000031,17.52000046,17.34000015,17.45000076,17.54000092,17.67000008,17.68000031,17.69000053,17.98999977,18.02000046,18.09000015,17.97999954,17.95999908,18.37000084,19.68000031,19.29000092,20.30999947,19.62000084,18.62999916,18.30999947,18.20000076,18.12000084,17.87000084,17.67000008,17.70000076,17.70000076,17.69000053,16.93000031,16.23999977,
Netherlands,NLD,25.06999969,24.67000008,24.13999939,23.35000038,23.35000038,23.15999985,22.87999916,22.76000023,22.32999992,21.57999992,21.56999969,20.97999954,19.90999985,20.07999992,21.04000092,20.62999916,19.78000069,19.12999916,18.52000046,17.70000076,17.17000008,17.20999908,16.52000046,16.22999954,16.43000031,16.47999954,16.52000046,16.17000008,16.11000061,
Norway,NOR,23.64999962,23.51000023,23.30999947,23.28000069,23.05999947,23.03000069,23.45999908,22.80999947,22.26000023,21.79000092,21.75,21.68000031,21.67000008,20.79000092,20.85000038,20.81999969,21.18000031,21.10000038,20.21999931,19.70000076,20.25,20.22999954,20.31999969,20.44000053,20.12000084,19.46999931,19.40999985,19.46999931,19.42000008,
Nepal,NPL,2.75999999,3.210000038,3.74000001,4.449999809,5.199999809,6.119999886,7.199999809,8.380000114,9.840000153,10.52000046,10.97999954,11.21000004,11.53999996,11.80000019,11.97000027,12.11999989,12.25,12.56999969,12.73999977,12.98999977,13.15999985,13.40999985,13.64999962,13.97999954,14.14000034,14.05000019,14.47999954,14.81000042,15.10999966,
Nauru,NRU,,,,,,,,,,,,,,,,,,,,,,,,,,,,,,
New Zealand,NZL,25.54999924,25.29000092,25.20000076,25.26000023,24.88999939,24.44000053,24.04000092,24.23999977,23.10000038,23.32999992,22.87999916,22.73999977,22.55999947,22.94000053,22.37000084,22.67000008,22.23999977,21.86000061,20.87999916,20.63999939,20.04999924,19.84000015,19.80999947,20.46999931,21.59000015,20.12999916,20.45000076,19.79000092,19.29000092,
OECD members,OED,30.17065407,29.83611679,29.37335505,28.99648052,28.7583163,28.44370699,28.16549243,27.78841417,27.46892275,27.3083777,26.75486881,26.1653551,25.76142461,25.53520514,25.27797356,25.22810785,25.13358231,24.72888174,23.53530122,23.20036545,23.15143993,22.94835368,22.98121366,22.9104084,22.82078514,22.72989351,22.73616661,22.78591368,22.58763858,
Oman,OMN,7.400000095,7.5,7.579999924,7.550000191,7.619999886,7.679999828,8.479999542,9.18999958,10.05000019,11.18999958,12.42000008,13.69999981,15.10999966,16.75,18.81999969,21.14999962,23.59000015,26.19000053,30.84000015,36.88000107,35.99000168,35.68000031,34.83000183,34,33.22999954,32.52999878,32.13999939,32.47999954,32.00999832,
Other small states,OSS,22.82008659,22.49092935,21.95647484,21.74893969,21.88775306,21.60789351,21.44455553,21.23181759,20.8540501,21.21087609,21.0819591,20.91840377,20.77680717,21.16365925,21.22444462,21.42060179,22.86407051,24.3610051,24.28584348,24.40129191,24.45699311,24.057358,24.05580625,24.29622498,24.6721655,24.88555324,24.60906433,24.43632463,24.38384749,
Pakistan,PAK,21.60000038,21.65999985,21.54999924,21.48999977,21.46999931,21.45000076,21.22999954,21.09000015,20.97999954,20.93000031,20.81999969,20.67000008,20.76000023,20.54999924,20.31999969,20.72999954,20.97999954,20.11000061,20.98999977,21.42000008,21.77000046,22.31999969,22.92000008,22.87000084,24.02000046,23.59000015,24.29000092,24.98999977,24.95999908,
Panama,PAN,14.44999981,16.97999954,17.62000084,18.37999916,18.06999969,18.37000084,18.36000061,18.06999969,18.19000053,17.37000084,17.30999947,17,17.21999931,17.63999939,17.18000031,18.06999969,19.28000069,19.07999992,19.17000008,18.70999908,18.73999977,18.25,20.13999939,20.07999992,18.71999931,18.38999939,18.54999924,18.76000023,17.71999931,
Peru,PER,15.27000046,15.14000034,15.14000034,15.31999969,15.38000011,15.26000023,15.27999973,15.05000019,14.72999954,14.55000019,14.42000008,14.40999985,13.35000038,14.39999962,14.06999969,14.85000038,16.29000092,16.44000053,16.44000053,16.86000061,16.47999954,17.03000069,17.02000046,16.37000084,16.56999969,16.21999931,15.64999962,15.39000034,15.19999981,
Philippines,PHL,14.39999962,14.68999958,14.25,14.5,14.81000042,14.80000019,15.78999996,15.81999969,15.35000038,15.85999966,15.68999958,15.60999966,15.60000038,15.59000015,15.47999954,15.52999973,15.67000008,15.57999992,15.51000023,15.72000027,15.27999973,15.27000046,15.57999992,15.93999958,16.19000053,17.36000061,18.27000046,19.05999947,19.12000084,
Palau,PLW,,,,,,,,,,,,,,,,,,,,,,,,,,,,,,
Papua New Guinea,PNG,3.00999999,3.099999905,3.200000048,3.269999981,3.220000029,3.50999999,3.480000019,3.450000048,3.5,3.690000057,3.910000086,4.179999828,4.380000114,4.630000114,4.869999886,5.28000021,5.71999979,5.920000076,6.619999886,7.889999866,8.210000038,9,9.899999619,10.32999992,11.11999989,11.40999985,11.92000008,12.56999969,13.22999954,
Poland,POL,36.18999863,34.81999969,34.04000092,33.45999908,33.13000107,32.77000046,32.47999954,32.13000107,31.55999947,31.05999947,30.72999954,28.54000092,28.54999924,29.04000092,29.25,29.97999954,30.71999931,31.88999939,31.11000061,30.29999924,30.67000008,30.42000008,30.54000092,30.54000092,30.54000092,31.45000076,31.67000008,31.81999969,32.13000107,
Pre-demographic dividend,PRE,10.06454964,10.00073626,9.924448429,9.867969094,9.804961841,9.750144325,9.694327285,9.613423007,9.537037364,9.378415046,9.265633912,9.200979283,9.192470855,9.102306016,9.071255143,9.157659673,9.205492006,9.272613991,9.362613064,9.495786465,9.671437161,10.07594457,10.37816767,10.53499844,10.56980714,10.57420941,10.59082298,10.54540586,10.54004667,
Puerto Rico,PRI,24.01000023,24.01000023,23.89999962,23.18000031,22.77000046,21.67000008,21.64999962,21.87999916,22.20999908,22.27000046,21.65999985,19.95999908,19.59000015,19.38999939,19.01000023,19.46999931,19.18000031,18.12000084,17.68000031,17.45000076,17.20000076,16.95000076,16.70999908,16.47999954,16.22999954,15.97000027,15.68000031,15.39000034,15.21000004,
"Korea, Dem. People’s Rep.",PRK,26.64999962,25.5,24.45999908,23.55999947,22.39999962,21.29999924,19.71999931,18.92000008,19.27000046,18.68000031,18.65999985,18.20999908,17.89999962,17.64999962,17.72999954,16.95999908,16.23999977,16.27000046,15.64999962,15.15999985,14.86999989,14.68000031,14.46000004,14.26000023,13.77999973,14,13.18000031,12.35999966,12.72999954,
Portugal,PRT,34,33.63000107,32.86000061,32.47000122,32.18000031,31.27000046,31.02000046,35.20999908,34.34999847,34.43999863,33.45000076,33.33000183,32.65999985,31.05999947,30.38999939,30.30999947,30.23999977,28.98999977,27.80999947,27.26000023,26.86000061,25.14999962,23.70000076,23.86000061,24.35000038,24.5,24.73999977,24.85000038,24.68000031,
Paraguay,PRY,17.71999931,17.61000061,17.59000015,17.56999969,17.59000015,17.45000076,17.37000084,17.09000015,16.78000069,16.45999908,16.03000069,15.59000015,15.98999977,16.63999939,15.77999973,16.87000084,18.25,19.04999924,17.68000031,19.20000076,17.81999969,16.87999916,17.46999931,19.12999916,19.73999977,19.43000031,20.09000015,18.59000015,18.13999939,
West Bank and Gaza,PSE,33.09000015,34.02999878,34.56000137,35.93000031,35.90000153,35.18999863,35.84000015,36.90000153,38.06000137,34.11999893,28.28000069,23.70999908,25.57999992,24.42000008,26.06999969,23.68000031,23.76000023,23.07999992,23.53000069,24.68000031,25.93000031,26.70000076,28.06999969,28.02000046,28.72999954,30.22999954,30.86000061,31.30999947,30.37000084,
Pacific island small states,PSS,15.33108105,15.36403013,15.31794506,15.36370138,15.38518065,15.36563081,15.14829069,15.08042474,15.04703392,14.74422841,14.62522753,14.41198813,14.28382917,14.22523241,14.20891419,14.03267044,13.74961319,13.77954806,13.84754189,13.69934558,13.55024329,13.29590978,13.31764689,13.36400526,13.64898249,13.73579447,13.98712657,14.28366095,14.55098685,
Post-demographic dividend,PST,30.75121063,30.41738075,29.88567487,29.44837391,29.14283477,28.7474242,28.41784403,27.99993586,27.60297106,27.33537249,26.85782702,26.27380876,25.82718764,25.51961214,25.21891713,25.11994629,24.99164292,24.576737,23.39113313,22.95818783,22.82032247,22.65094817,22.61079438,22.42969291,22.24843275,22.07080443,22.04082012,22.06803159,21.95940108,
French Polynesia,PYF,15.48999977,15.52000046,15.5,15.47999954,15.47000027,15.52999973,16,16.42000008,16.75,17.07999992,17.53000069,17.94000053,17.90999985,17.67000008,17.55999947,17.37000084,17.29999924,17.30999947,17.11000061,16.81999969,16.48999977,16.36000061,16.34000015,16.37000084,16.38999939,16.43000031,16.5,16.55999947,16.63999939,
Qatar,QAT,30.81999969,31.17000008,30.88999939,31.35000038,31.70999908,31.92000008,33.18000031,34.02999878,35.34999847,36.97999954,38.40000153,39.06000137,39.81000137,41.00999832,41.09999847,41.56000137,51.86000061,59.58000183,58.45000076,56.33000183,54.11000061,51.79000092,51.70999908,52.95999908,54.13999939,54.54999924,54.50999832,54.31999969,53.70000076,
Romania,ROU,39.90000153,37.11000061,35.81999969,32.84999847,30.95999908,31.52000046,30.29999924,28.77000046,27.05999947,25.79000092,25.85000038,29.59000015,29.13999939,31.05999947,30.45999908,30.70999908,31.40999985,31.60000038,30.02000046,28.31999969,28.55999947,28.20999908,28.29000092,28.93000031,28.45999908,29.87999916,30.12000084,30.03000069,30.06999969,
Russian Federation,RUS,39.95999908,38.90000153,38.15000153,35.99000168,34.08000183,32.54999924,30.01000023,29.12999916,29,29.23999977,30.18000031,30.17000008,30.22999954,29.72999954,29.26000023,28.90999985,29.19000053,28.67000008,27.5,27.76000023,27.45000076,27.80999947,27.79000092,27.60000038,27.28000069,27.02000046,26.96999931,26.80999947,26.79000092,
Rwanda,RWA,2.579999924,2.559999943,2.539999962,2.519999981,2.470000029,2.470000029,2.480000019,2.480000019,2.5,2.549999952,2.640000105,2.769999981,3.019999981,3.299999952,3.630000114,3.99000001,4.369999886,4.809999943,5.260000229,5.760000229,6.28000021,6.869999886,7.320000172,7.909999847,8.119999886,8.239999771,8.319999695,8.470000267,8.630000114,
South Asia,SAS,15.41235609,15.28644157,15.24228701,15.29067629,15.43149396,15.50811501,15.55134539,15.670778,15.94494565,16.09825758,16.37811035,16.65126246,17.18102909,17.82440363,18.31011398,18.89855528,19.51692455,19.77057627,20.45077721,21.12027001,22.17296178,23.23269318,23.35480676,23.46099957,23.69484919,23.8449184,24.02824871,24.20747422,24.37912861,
Saudi Arabia,SAU,25.56999969,25.93000031,25.46999931,24.88999939,24.06999969,23.26000023,22.29999924,21.62000084,20.96999931,19.86000061,21.02000046,20.95000076,20.92000008,20.79000092,20.48999977,20.23999977,20.84000015,19.77000046,20.43000031,21.29000092,22.28000069,22.97999954,23.76000023,23.03000069,22.72999954,24.48999977,24.72999954,24.79000092,24.79999924,
Sudan,SDN,10.82999992,10.89000034,10.90999985,10.82999992,10.86999989,11.01000023,11.25,11.27000046,11.23999977,11.32999992,11.47000027,11.68999958,11.92000008,11.89000034,12.27000046,12.76000023,13.39000034,13.93999958,14.15999985,14.22999954,15.34000015,16.05999947,16.45999908,16.62999916,17.10000038,17.40999985,17.68000031,17.22999954,16.81999969,
Senegal,SEN,13.10999966,13.02000046,12.93999958,12.89000034,12.77000046,12.67000008,12.57999992,12.5,12.43000031,12.32999992,12.38000011,12.44999981,12.46000004,12.55000019,12.57999992,12.61999989,12.67000008,12.69999981,12.72000027,12.75,12.81999969,12.84000015,12.89000034,12.94999981,12.98999977,13.01000023,13.02999973,13.06999969,13.11999989,
Singapore,SGP,35.15999985,34.63000107,33.88000107,32.75,30.95999908,30.25,30.79999924,30.13999939,29.53000069,27.95000076,26.57999992,25.97999954,25.89999962,24.90999985,22.73999977,23.29999924,23.60000038,23.73999977,23.23999977,21.86000061,20.87000084,20.54000092,19.87999916,17.73999977,17.38999939,16.87999916,16.43000031,16,15.55000019,
Solomon Islands,SLB,4.800000191,4.929999828,5.010000229,5.210000038,5.429999828,5.590000153,5.539999962,5.650000095,5.739999771,5.429999828,5.340000153,5.21999979,5.449999809,5.630000114,6.099999905,6.539999962,7,7.599999905,7.579999924,8.06000042,8.430000305,8.779999733,9.329999924,9.770000458,10.25,10.63000011,11.05000019,11.63000011,12.13000011,
Sierra Leone,SLE,6.380000114,6.260000229,6.230000019,6.170000076,6.070000172,6.050000191,5.960000038,5.949999809,5.909999847,6,5.900000095,6.199999809,6.369999886,6.510000229,6.21999979,5.980000019,5.829999924,5.690000057,5.579999924,5.550000191,5.579999924,5.690000057,5.860000134,6.070000172,6.199999809,6.389999866,6.550000191,6.670000076,6.760000229,
El Salvador,SLV,24.56999969,24.79000092,24.93000031,24.97999954,25.05999947,24.78000069,24.64999962,24.60000038,24.97999954,24.23999977,23.62000084,24.34000015,24.56999969,23.69000053,22.21999931,22.97999954,23.39999962,23.46999931,20.65999985,21.35000038,21.27000046,20.97999954,20.36000061,20.88999939,22.18000031,21.10000038,21.88999939,22.20000076,22.51000023,
San Marino,SMR,,,,,,,,,,,,,,,,,,,,,,,,,,,,,,
Somalia,SOM,3.539999962,3.480000019,3.420000076,3.339999914,3.269999981,3.200000048,3.130000114,3.069999933,3.00999999,2.960000038,2.910000086,2.869999886,2.839999914,2.809999943,2.789999962,2.75999999,2.650000095,2.640000105,2.640000105,2.640000105,2.640000105,2.609999895,2.579999924,2.549999952,2.519999981,2.49000001,2.460000038,2.440000057,2.410000086,
Serbia,SRB,27.86000061,27.20000076,26.48999977,26.37000084,26.94000053,27,27.01000023,26.94000053,26.07999992,26.47999954,26.62999916,26.79999924,26.90999985,26.95000076,27.57999992,29.29999924,29.45999908,26.21999931,25.32999992,25.60000038,26.79999924,26.45999908,25.86000061,24.65999985,24.45999908,24.43000031,25.29999924,26.89999962,27.43000031,
Sub-Saharan Africa (excluding high income),SSA,10.5437643,10.48579438,10.42515684,10.36664092,10.29716779,10.22919284,10.15372871,10.05577067,9.950983772,9.820829406,9.723316692,9.631575545,9.630727878,9.608632674,9.555961049,9.608265996,9.645251803,9.724107964,9.731506937,9.751537484,9.884673575,10.13979959,10.37441576,10.55546141,10.7048153,10.6821083,10.73301969,10.70685604,10.66869623,
South Sudan,SSD,14.17000008,14.34000015,14.48999977,14.55000019,14.72999954,14.89000034,15.19999981,15.25,15.23999977,15.40999985,15.64000034,15.89000034,16.21999931,16.31999969,16.62000084,17.07999992,17.63999939,17.96999931,17.69000053,17.73999977,17.88999939,17.72999954,18.88999939,18.71999931,17.34000015,16.45999908,16.07999992,16.32999992,16.38999939,
Sub-Saharan Africa,SSF,10.60979033,10.55051707,10.48821423,10.428198,10.35912858,10.28679359,10.20975816,10.11247894,10.00775252,9.878480532,9.775190983,9.683371485,9.676557275,9.652396866,9.596784525,9.647734253,9.683297182,9.761578201,9.764955363,9.783207219,9.914262109,10.16848504,10.40187434,10.58121447,10.7289286,10.70468016,10.75407475,10.72636683,10.68707314,
Small states,SST,22.01086111,21.67704115,21.24134985,21.03714915,21.35285472,21.19125677,20.93837417,20.91281093,20.61986488,20.77640175,20.72441339,20.57528611,20.45570546,20.90551679,20.98013934,21.09082768,22.09371433,23.17826458,23.01864584,23.06825409,23.0502667,22.71803595,22.73163614,22.87584196,23.16212878,23.34578889,23.12845632,23.02739046,22.98861987,
Sao Tome and Principe,STP,19.45999908,19.37999916,19.29000092,19.20000076,19.11000061,19.02000046,18.92000008,18.84000015,18.79000092,18.76000023,18.77000046,18.84000015,18.87000084,18.98999977,17.15999985,17.29999924,17.45000076,17.67000008,17.90999985,18.01000023,18.11000061,18.18000031,18.23999977,18.23999977,18.23999977,18.22999954,18.15999985,18.05999947,17.94000053,
Suriname,SUR,19.19000053,19.12999916,19.32999992,19.70999908,22.25,24.70000076,23.26000023,25.97999954,25.29999924,24.90999985,24.76000023,24.44000053,24.32999992,24.10000038,24.12000084,24.30999947,24.38999939,24.53000069,24.54000092,24.67000008,24.95999908,24.92000008,25.04999924,25.10000038,25.07999992,24.45000076,24.43000031,24.48999977,24.32999992,
Slovak Republic,SVK,41.95999908,40.20999908,39.65000153,39.70000076,38.90999985,39.54000092,39.27999878,39.43999863,38.43000031,37.25,37.06000137,38.15000153,38.13000107,39.20999908,38.81999969,38.81999969,39.38000107,40.13000107,37.93000031,37.11999893,37.49000168,37.54000092,35.81999969,35.45000076,36.11000061,36.47000122,37.15999985,36.52000046,36.09000015,
Slovenia,SVN,45.79999924,44.90000153,44.18999863,42.38999939,43.13000107,41.95999908,40.5,39.52000046,37.79999924,37.65000153,38.63000107,38.75,37.13000107,36.34999847,37.06000137,35.49000168,35.24000168,35.11999893,33.15999985,32.58000183,31.65999985,30.96999931,31.03000069,30.93000031,32.00999832,33.16999817,33.25,33.34999847,34.09999847,
Sweden,SWE,26.61000061,26.14999962,25.63999939,25.52000046,25.47999954,25.87000084,25.54999924,25.88999939,24.98999977,24.36000061,23.73999977,22.95999908,22.60000038,22.37000084,22.04000092,21.90999985,21.64999962,21.32999992,20.15999985,19.89999962,19.93000031,19.64999962,19.15999985,18.60000038,18.29000092,18.20000076,18.15999985,18.18000031,18.42000008,
Eswatini,SWZ,29.07999992,29.04000092,29.07999992,28.98999977,28.98999977,28.85000038,28.76000023,28.52000046,28.23999977,28.07999992,27.84000015,27.54999924,27.27000046,27.11000061,26.92000008,26.72999954,26.57999992,26.43000031,26.30999947,26.03000069,25.81999969,25.59000015,25.29000092,25.10000038,24.87000084,24.53000069,24.12000084,23.72999954,23.38999939,
Sint Maarten (Dutch part),SXM,,,,,,,,,,,,,,,,,,,,,,,,,,,,,,
Seychelles,SYC,,,,,,,,,,,,,,,,,,,,,,,,,,,,,,
Syrian Arab Republic,SYR,24.98999977,25.79000092,26.62999916,28.61000061,30.51000023,29.97999954,29.13999939,28.94000053,28.29000092,26.10000038,25.72999954,25.90999985,25.60000038,26.14999962,27.25,28.26000023,29.05999947,29.96999931,30.68000031,31.29000092,31.43000031,28.23999977,25.03000069,23.35000038,22.77000046,22.55999947,22.42000008,22.81999969,23.19000053,
Turks and Caicos Islands,TCA,,,,,,,,,,,,,,,,,,,,,,,,,,,,,,
Chad,TCD,2.160000086,2.119999886,2.059999943,2.019999981,1.980000019,1.940000057,1.919999957,1.889999986,1.870000005,1.860000014,1.889999986,1.919999957,1.950000048,1.99000001,2.029999971,2.069999933,2.089999914,2.109999895,2.130000114,2.140000105,2.130000114,2.140000105,2.109999895,2.089999914,2.059999943,2.00999999,1.970000029,1.909999967,1.879999995,
East Asia & Pacific (IDA & IBRD countries),TEA,19.58860386,19.87416957,20.59435746,21.15136275,21.354903,21.83227323,22.00872031,21.6159951,21.2407868,20.92117946,20.96359275,20.3690024,20.54761564,21.3265895,22.43901648,23.51959474,24.68699231,24.91725436,25.31824641,25.98270601,26.59386564,27.2656103,27.14939764,27.21872655,26.85963605,26.69166126,26.28689939,26.55502935,25.95660958,
Europe & Central Asia (IDA & IBRD countries),TEC,33.73957493,32.77556025,32.02866472,30.62664419,29.55603292,28.80942215,27.61359182,27.01389932,26.62948961,26.50665356,26.66284299,26.71610532,26.76245961,26.84925652,26.7428662,26.83728257,27.19626301,27.05514708,26.28444613,26.32259817,26.25319572,26.33369481,26.22598897,26.52328357,26.15475334,26.16220272,26.18948237,26.30619909,26.23499822,
Togo,TGO,15.13000011,15.05000019,14.90999985,14.81999969,14.77000046,14.68000031,14.56999969,14.43000031,14.28999996,14.27000046,14.10000038,13.93000031,13.77000046,13.52000046,13.27999973,13.11999989,13.01000023,12.81000042,12.77000046,12.69999981,12.67000008,12.64000034,12.72000027,12.72000027,14.69999981,16.92000008,19.32999992,19.28000069,19.20999908,
Thailand,THA,15.44999981,15.77000046,17.54999924,18.03000069,19.77000046,20.79000092,19.71999931,17.70999908,18.37000084,19.03000069,18.82999992,19.92000008,21.06999969,22.20999908,22.37999916,21.95000076,21.92000008,21.18000031,20.78000069,20.63999939,19.44000053,19.81999969,20.23999977,23.52000046,23.68000031,23.68000031,22.85000038,22.80999947,22.84000015,
Tajikistan,TJK,23.90999985,22.76000023,21.62000084,20.44000053,19.20000076,18.12000084,17.39999962,16.93000031,16.60000038,16.53000069,16.76000023,17.12000084,17.61000061,17.98999977,17.36000061,16.86000061,16.43000031,16.03000069,15.68999958,15.64000034,15.51000023,15.5,15.53999996,15.51000023,15.5,15.52999973,15.43999958,15.5,15.78999996,
Turkmenistan,TKM,39.18999863,38.75,38.29999924,37.65999985,37.06999969,36.65000153,35.95999908,35.52999878,35.22999954,34.77000046,34.40999985,34.11000061,33.86000061,33.72999954,33.79000092,33.93999863,34.16999817,34.58000183,34.83000183,35.18999863,35.70000076,36.20000076,36.68999863,37.20999908,37.66999817,38.20000076,38.72999954,39.25999832,39.83000183,
Latin America & the Caribbean (IDA & IBRD countries),TLA,23.64851653,23.44071817,23.16891001,22.93218344,22.60016511,22.42004716,22.53841039,22.43279281,22.03372064,22.02237668,21.5196239,21.43773844,21.27107906,21.45041371,21.61746857,21.82824211,22.29650537,22.44282891,21.77383055,21.71526139,21.63004626,21.80089671,21.71224356,21.8634979,21.65203057,21.13164902,20.85740249,20.66854666,20.39826576,
Timor-Leste,TLS,7.75,8,8.289999962,8.56000042,8.850000381,9.06000042,8.869999886,7.429999828,7.019999981,8.720000267,9.270000458,10,6.889999866,5.840000153,6.019999981,6.21999979,7.329999924,8.369999886,9.43999958,9.300000191,9.56000042,9.869999886,10.89999962,11.64000034,13.44999981,15.36999989,13.44999981,14.35000038,16.31999969,
Middle East & North Africa (IDA & IBRD countries),TMN,24.16429721,24.18392675,24.08725243,24.0607939,24.21851444,24.48498255,24.34567359,24.31800212,24.39482945,23.99487545,24.03741458,23.92642821,23.92450145,24.06537273,24.70415283,25.47235845,25.71489739,26.1748386,26.38690782,27.12483442,26.80000167,26.92163014,26.63249326,26.62575328,26.34144191,26.31913246,26.62755637,26.6667332,26.50179004,
Tonga,TON,28.02000046,28,27.94000053,28.97999954,29.42000008,29.39999962,29.18000031,29.29000092,29.52000046,29.98999977,30.55999947,30.62999916,30.57999992,30.23999977,30.47999954,30.78000069,30.34000015,30.62000084,31.07999992,31.45000076,31.68000031,31.37999916,29.61000061,29.62000084,29.69000053,30.07999992,30.38999939,30.36000061,30.87000084,
South Asia (IDA & IBRD),TSA,15.41235609,15.28644157,15.24228701,15.29067629,15.43149396,15.50811501,15.55134539,15.670778,15.94494565,16.09825758,16.37811035,16.65126246,17.18102909,17.82440363,18.31011398,18.89855528,19.51692455,19.77057627,20.45077721,21.12027001,22.17296178,23.23269318,23.35480676,23.46099957,23.69484919,23.8449184,24.02824871,24.20747422,24.37912861,
Sub-Saharan Africa (IDA & IBRD countries),TSS,10.60979033,10.55051707,10.48821423,10.428198,10.35912858,10.28679359,10.20975816,10.11247894,10.00775252,9.878480532,9.775190983,9.683371485,9.676557275,9.652396866,9.596784525,9.647734253,9.683297182,9.761578201,9.764955363,9.783207219,9.914262109,10.16848504,10.40187434,10.58121447,10.7289286,10.70468016,10.75407475,10.72636683,10.68707314,
Trinidad and Tobago,TTO,28.79999924,26.97999954,26.38999939,25.40999985,25.52000046,25.53000069,26.38999939,28.20000076,27.72999954,28.07999992,28.87000084,28.5,28.56999969,30.31999969,31.11000061,30.85000038,31.84000015,32.27000046,30.45999908,29.76000023,28.57999992,28.52000046,28.73999977,28.12000084,27.94000053,27.37999916,27.06999969,26.86000061,26.63999939,
Tunisia,TUN,30.63999939,30.87000084,30.79000092,30.76000023,30.64999962,30.89999962,31.02000046,31.19000053,31.48999977,31.65999985,31.85000038,31.63999939,31.90999985,32.40999985,32.41999817,32.29999924,32.84999847,33.52999878,32.33000183,33.41999817,33.72999954,33.13999939,33.38000107,33.54999924,33.09999847,33.34999847,33.29000092,33.5,33.45999908,
Turkey,TUR,29.65999985,29.55999947,29.54000092,29.06999969,28.98999977,28.92000008,28.96999931,28.48999977,27.71999931,27.62000084,26.51000023,26.35000038,26.23999977,26.47999954,26.62999916,26.77000046,26.75,26.19000053,25.29999924,26.21999931,26.45999908,26.03000069,26.38999939,27.86000061,27.22999954,26.78000069,26.54000092,26.65999985,25.31999969,
Tuvalu,TUV,,,,,,,,,,,,,,,,,,,,,,,,,,,,,,
Tanzania,TZA,2.650000095,2.640000105,2.630000114,2.619999886,2.619999886,2.630000114,2.640000105,2.680000067,2.74000001,2.829999924,2.960000038,3.319999933,3.75999999,4.260000229,4.840000153,5.489999771,5.559999943,5.630000114,5.71999979,5.809999943,5.920000076,6.019999981,6.130000114,6.25,6.289999962,6.340000153,6.380000114,6.429999828,6.46999979,
Uganda,UGA,7.869999886,7.860000134,7.860000134,7.860000134,7.869999886,7.889999866,7.889999866,7.880000114,7.880000114,7.849999905,7.840000153,7.820000172,7.800000191,7.769999981,7.75,7.760000229,7.78000021,7.820000172,7.800000191,7.880000114,7.940000057,8.020000458,7,6.840000153,6.800000191,6.730000019,6.590000153,6.539999962,6.510000229,
Ukraine,UKR,29.38999939,28.79000092,28.14999962,27.43000031,26.73999977,26.07999992,25.46999931,25.04000092,24.73999977,24.51000023,24.51000023,24.54999924,24.71999931,25,25.17000008,25.43000031,25.64999962,25.75,25.53000069,25.68000031,25.65999985,25.87999916,24.80999947,26.14999962,24.69000053,24.25,24.29999924,24.61000061,24.95999908,
Upper middle income,UMC,22.94701899,23.00071857,23.37992766,23.56283864,23.48845513,23.71874711,23.65434299,23.28919067,22.91656069,22.6358744,22.57026486,22.04743128,22.09769814,22.68643921,23.54042478,24.3887347,25.40394485,25.54537145,25.61144272,26.15423071,26.64257383,27.20113017,27.07206621,27.11894705,26.66886975,26.31059315,25.86616611,25.94796954,25.33226431,
Uruguay,URY,24.15999985,24.23999977,24.09000015,24.07999992,23.73999977,23.60000038,23.72999954,23.68000031,23.27000046,22.68000031,21.97999954,21.09000015,20.79999924,20.88999939,21.13999939,21.19000053,21.68000031,21.55999947,20.95999908,21.40999985,20.78000069,21.12999916,21.57999992,21.01000023,20.45999908,20.04999924,19.73999977,19.20000076,18.82999992,
United States,USA,25.95999908,25.82999992,25.70999908,25.63999939,25.48999977,25.30999947,25.12999916,24.92000008,24.69000053,24.44000053,23.73999977,22.75,22.45000076,22.38999939,22.26000023,22.35000038,22.13999939,21.45999908,20,19.63999939,19.70999908,19.73999977,19.95000076,19.97999954,19.86000061,19.78000069,19.72999954,19.87000084,19.90999985,
Uzbekistan,UZB,25.79999924,24.93000031,24.63999939,24.27000046,23.89999962,22.82999992,22.44000053,21.81999969,21.86000061,21.51000023,21.28000069,21.12000084,21.07999992,21.17000008,21.30999947,21.52000046,21.81999969,22.12999916,22.47999954,22.70000076,22.73999977,22.70999908,22.72999954,22.78000069,22.89999962,23.05999947,23.04999924,22.65999985,23.02000046,
St. Vincent and the Grenadines,VCT,21.25,21.32999992,21.42000008,21.19000053,21.23999977,20.96999931,21.19000053,21.37999916,21.05999947,20.65999985,20.56999969,20.54000092,20.77000046,20.82999992,20.71999931,21.10000038,21.31999969,21.04999924,20.79999924,20.5,20.35000038,20.21999931,20.25,20.01000023,20.04000092,19.97999954,19.98999977,19.95999908,19.87999916,
"Venezuela, RB",VEN,26.04999924,26.62999916,26.28000069,23.64999962,23.55999947,22.38999939,23.87999916,24.5,22.70999908,22.82999992,22.09000015,20.69000053,19.82999992,20.31999969,20.64999962,22.18000031,23.12999916,22.87000084,22.37999916,21.62999916,21.47999954,21.62000084,21.32999992,20.70000076,19.82999992,18.80999947,17.75,16.65999985,15.34000015,
British Virgin Islands,VGB,,,,,,,,,,,,,,,,,,,,,,,,,,,,,,
Virgin Islands (U.S.),VIR,26.30999947,26.18000031,26.03000069,25.98999977,25.85000038,25.70999908,25.61000061,25.42000008,25.19000053,25.06999969,24.75,24.40999985,24.10000038,24.02000046,23.98999977,23.96999931,23.96999931,23.77000046,22.94000053,22.70000076,21.85000038,20.71999931,20.12999916,19.87000084,19.65999985,19.48999977,19.15999985,18.96999931,18.73999977,
Vietnam,VNM,10.11999989,10.57999992,11.09000015,11.47000027,11.81999969,12.25,12.68000031,11.57999992,11.98999977,12.43999958,13.89999962,14.69999981,16.40999985,17.35000038,18.73999977,20.19000053,20.38999939,21,21.85000038,21.68000031,21.28000069,21.19000053,21.18000031,21.45000076,22.73999977,24.76000023,25.78000069,26.63999939,27.44000053,
Vanuatu,VUT,0.280000001,0.289999992,0.300000012,0.310000002,0.319999993,0.340000004,0.319999993,0.340000004,0.360000014,0.389999986,0.409999996,0.419999987,0.469999999,0.540000021,0.639999986,0.790000021,1.330000043,2.75999999,7.03000021,6.860000134,6.920000076,7.389999866,8.5,9,10.90999985,11.89000034,12.67000008,13.39000034,14.07999992,
World,WLD,21.86330607,21.72978228,21.72766654,21.67835243,21.57139918,21.57611422,21.46081887,21.15756157,20.91585927,20.72177494,20.62990539,20.3065336,20.34949995,20.69307376,21.12770779,21.63806905,22.20335865,22.25869653,22.1967061,22.4971725,22.86664629,23.30565396,23.26911968,23.29487022,23.12752714,23.00835565,22.85743957,22.9282947,22.6649679,
Samoa,WSM,17.77000046,17.96999931,18.13999939,17.88999939,18.19000053,18.42000008,18.36000061,18.80999947,19,19.46999931,20.01000023,20.45000076,21.09000015,21.78000069,22.29999924,22.85000038,23.20999908,23.42000008,22.86000061,23.44000053,23.92000008,23.78000069,23.82999992,24.01000023,24.62999916,24.69000053,24.54000092,24.61000061,24.88999939,
Kosovo,XKX,,,,,,,,,,,,,,,,,,,,,,,,,,,,,,
"Yemen, Rep.",YEM,11.76000023,11.71000004,11.22999954,11.03999996,11.78999996,12.27000046,12.75,13.36999989,13.80000019,14.39999962,14.72999954,15.13000011,15.69999981,16.26000023,16.78000069,16.93000031,17.09000015,17.80999947,18.43000031,19.03000069,16.29999924,15.69999981,15.51000023,14.47999954,12.35999966,11.27999973,10.44999981,10.18000031,10.19999981,
South Africa,ZAF,28.54999924,28.39999962,28.23999977,28.09000015,27.94000053,27.76000023,27.62000084,27.48999977,27.32999992,27.25,26.98999977,26.77000046,26.60000038,26.42000008,26.25,26.04000092,25.88999939,25.77000046,25.25,24.39999962,24.17000008,23.44000053,23.51000023,23.42000008,23.82999992,23.32999992,23.34000015,23.12999916,22.30999947,
Zambia,ZMB,7.860000134,7.769999981,7.610000134,7.28000021,7.199999809,7.179999828,7.119999886,7.050000191,6.96999979,6.900000095,6.900000095,6.949999809,7.03000021,7.110000134,7.130000114,7.230000019,7.369999886,7.539999962,8.100000381,8.710000038,9.359999657,10.10000038,10.32999992,10.48999977,10.60000038,10.68000031,10.68999958,10.60999966,10.52999973,
Zimbabwe,ZWE,12.63000011,12.60999966,12.47999954,12.43999958,12.39000034,12.31000042,12.18999958,12.03999996,11.82999992,11.56999969,11.30000019,10.89999962,10.55000019,10.18000031,9.649999619,9.850000381,9.210000038,9.069999695,9.180000305,9.239999771,9.090000153,8.600000381,7.920000076,7.360000134,7.210000038,7.050000191,6.900000095,6.75,6.570000172,
